Source_Syllable,Moses_Output,True_Reference,Train_Total_Seen,Train_Prob_Pred,Train_Prob_Ref,Root_Cause
မည်,me,mji,61,0.492,0.508,Train Data Ambiguity (Both Exist)
ဖွေ,hpwei,bwei,2,1.0,0.0,Reference Missing from Training Token
ပါး,pa:,ba-,173,0.214,0.139,Train Data Ambiguity (Both Exist)
ကျ,gya.,kya.,222,0.221,0.734,Train Data Ambiguity (Both Exist)
ဟာ,ha,ha.,67,0.985,0.015,Train Data Ambiguity (Both Exist)
က,ka-,ka.,572,0.372,0.192,Train Data Ambiguity (Both Exist)
ကြိုး,kyou:,gyou:,115,0.496,0.496,Train Data Ambiguity (Both Exist)
ဆွမ်း,hswan:,hsun:,51,0.392,0.569,Train Data Ambiguity (Both Exist)
ဟီး,hi:,he:,1,1.0,0.0,Reference Missing from Training Token
တူ,du,tu,86,0.523,0.453,Train Data Ambiguity (Both Exist)
ကြောင်,kyaun,gyaun,59,0.678,0.305,Train Data Ambiguity (Both Exist)
ပြော,pjo:,bjo:,62,0.806,0.194,Train Data Ambiguity (Both Exist)
ကြေး နန်း,kyi: nan:,kyei: nan:,0,0.0,0.0,Out of Vocabulary (OOV)
မြ,mja.,mja,8,1.0,0.0,Reference Missing from Training Token
ဆေး ဖော်,hsei: bo,hsei: hpo,0,0.0,0.0,Out of Vocabulary (OOV)
ဆိုး,hsou:,zou:,69,0.623,0.348,Train Data Ambiguity (Both Exist)
ဆေး,zei:,hsei:,155,0.232,0.748,Train Data Ambiguity (Both Exist)
ခွ,gwa.,khwa.,22,0.5,0.5,Train Data Ambiguity (Both Exist)
သ လင်း,tha- lin,tha- lin:,0,0.0,0.0,Out of Vocabulary (OOV)
ထောင်,htaun,daun,65,0.385,0.6,Train Data Ambiguity (Both Exist)
ဍတ်,ဍတ်,da',0,0.0,0.0,Out of Vocabulary (OOV)
ကြော့,gyo.,kyo.,3,0.667,0.333,Train Data Ambiguity (Both Exist)
ကြမ်း,gyan:,kyan:,57,0.439,0.491,Train Data Ambiguity (Both Exist)
ထွာ,htwa,dwa,7,1.0,0.0,Reference Missing from Training Token
ဆိုင်း,hsain:,zain:,28,0.786,0.179,Train Data Ambiguity (Both Exist)
ပု,pu.,bu.,75,0.12,0.027,Train Data Ambiguity (Both Exist)
ကျယ်,kye,gye,37,0.595,0.351,Train Data Ambiguity (Both Exist)
ထီး,hti:,di:,34,0.706,0.265,Train Data Ambiguity (Both Exist)
ကြား,gya:,kya:,80,0.575,0.412,Train Data Ambiguity (Both Exist)
စေ့,sei.,si.,74,0.405,0.23,Train Data Ambiguity (Both Exist)
ကိုင်,kain,gain,60,0.667,0.317,Train Data Ambiguity (Both Exist)
သွား,dhwa:,thwa:,76,0.329,0.513,Train Data Ambiguity (Both Exist)
တောင်း,taun:,daun:,52,0.481,0.481,Train Data Ambiguity (Both Exist)
မောင်,maun,moun,22,1.0,0.0,Reference Missing from Training Token
ကျက်,kye',gye',18,0.667,0.333,Train Data Ambiguity (Both Exist)
ကြင် ဖော်,kyin bo,kyin hpo,0,0.0,0.0,Out of Vocabulary (OOV)
သ,dha-,tha-,638,0.361,0.48,Train Data Ambiguity (Both Exist)
ကဲ,ke:,ge:,30,0.633,0.333,Train Data Ambiguity (Both Exist)
ရ,ja.,ja:,358,0.411,0.003,Train Data Ambiguity (Both Exist)
လှေး,lhei:,l,7,1.0,0.0,Reference Missing from Training Token
မ,ma-,ma.,773,0.696,0.288,Train Data Ambiguity (Both Exist)
ကယ်,ke,ge,23,0.957,0.043,Train Data Ambiguity (Both Exist)
ဆေး,hsei:,zei:,155,0.748,0.232,Train Data Ambiguity (Both Exist)
ဆီ,hsi,zi,74,0.716,0.27,Train Data Ambiguity (Both Exist)
ကျန်,kyan,gyan,9,0.778,0.222,Train Data Ambiguity (Both Exist)
အန် တ ရာယ်,an da- je,an da- re,0,0.0,0.0,Out of Vocabulary (OOV)
ချစ်,chi',chi,7,0.857,0.0,Reference Missing from Training Token
တော်,do,to,184,0.668,0.332,Train Data Ambiguity (Both Exist)
ဖော်,hpo,bo,47,0.766,0.213,Train Data Ambiguity (Both Exist)
စာ စီ,sa zi,sa si,0,0.0,0.0,Out of Vocabulary (OOV)
စာ,za,sa,395,0.337,0.532,Train Data Ambiguity (Both Exist)
ပျက်,pje',bje,60,0.733,0.0,Reference Missing from Training Token
ခ,kha-,kha.,261,0.686,0.18,Train Data Ambiguity (Both Exist)
ခံ,gan,khan,239,0.314,0.628,Train Data Ambiguity (Both Exist)
တပ်,ta',da',80,0.863,0.138,Train Data Ambiguity (Both Exist)
ခန်း,gan:,khan:,61,0.443,0.557,Train Data Ambiguity (Both Exist)
သွား,dhwa:,thwa:,76,0.329,0.513,Train Data Ambiguity (Both Exist)
ရေ,jei,jein,390,0.949,0.021,Train Data Ambiguity (Both Exist)
ငင်,ngin,gin,26,0.923,0.077,Train Data Ambiguity (Both Exist)
သွေး,dhwei:,thwei:,125,0.12,0.856,Train Data Ambiguity (Both Exist)
လွေ့,လွေ့,lwei.,0,0.0,0.0,Out of Vocabulary (OOV)
အင် ဂ,in: ga-,in ga.,0,0.0,0.0,Out of Vocabulary (OOV)
စူး,su:,zu:,21,0.619,0.381,Train Data Ambiguity (Both Exist)
ပေါက်,bau',pou',205,0.498,0.0,Reference Missing from Training Token
စောင်,saun,zaun,19,0.526,0.474,Train Data Ambiguity (Both Exist)
ရို သေ,jou thei,jou dhei,0,0.0,0.0,Out of Vocabulary (OOV)
ရို သေ,jou thei,jou dhei,0,0.0,0.0,Out of Vocabulary (OOV)
စော်,so,zo,15,0.533,0.467,Train Data Ambiguity (Both Exist)
က,ga-,ka-,572,0.36,0.372,Train Data Ambiguity (Both Exist)
တယ် လီ,te li',te li,0,0.0,0.0,Out of Vocabulary (OOV)
ကုပ်,gou',kou',29,0.621,0.379,Train Data Ambiguity (Both Exist)
ဖျား,hpja:,bja:,46,0.652,0.326,Train Data Ambiguity (Both Exist)
န ဂ ဘာ ရီ,na- ga- ba ji,na- ga- ba ri,0,0.0,0.0,Out of Vocabulary (OOV)
ပြန်,pjan,bjan,112,0.607,0.375,Train Data Ambiguity (Both Exist)
သွား,dhwa:,thwa:,76,0.329,0.513,Train Data Ambiguity (Both Exist)
ဝ,wa-,wa.,163,0.356,0.595,Train Data Ambiguity (Both Exist)
ရှောင့်,ရှောင့်,shaun.,0,0.0,0.0,Out of Vocabulary (OOV)
စီး,zi:,si:,82,0.427,0.561,Train Data Ambiguity (Both Exist)
ထိန်း,htein:,dein:,20,0.45,0.5,Train Data Ambiguity (Both Exist)
စီး,zi:,si:,82,0.427,0.561,Train Data Ambiguity (Both Exist)
ဂြိုလ်,ဂြိုလ်,gyou,0,0.0,0.0,Out of Vocabulary (OOV)
ခါး,kha:,ga:,75,0.307,0.373,Train Data Ambiguity (Both Exist)
တိုင်,dain,tain,103,0.573,0.417,Train Data Ambiguity (Both Exist)
စည်း,si:,zi:,98,0.857,0.133,Train Data Ambiguity (Both Exist)
ကြိုး,gyou:,kyou:,115,0.496,0.496,Train Data Ambiguity (Both Exist)
တု,du.,tu.,59,0.339,0.525,Train Data Ambiguity (Both Exist)
ပ,pjin,pa.,411,0.146,0.092,Train Data Ambiguity (Both Exist)
ပ,pa-,pjin,411,0.528,0.146,Train Data Ambiguity (Both Exist)
အိပ် မက်,ei' me',ein me',0,0.0,0.0,Out of Vocabulary (OOV)
ခံ,khan,gan,239,0.628,0.314,Train Data Ambiguity (Both Exist)
ဘီး,bi:,bein:,23,0.652,0.304,Train Data Ambiguity (Both Exist)
တံ,dan,tan,139,0.245,0.165,Train Data Ambiguity (Both Exist)
ကန်,kan,gan,72,0.569,0.292,Train Data Ambiguity (Both Exist)
ရ မန်,ja- man,ra- man,0,0.0,0.0,Out of Vocabulary (OOV)
ကြိုး,gyou:,kyou:,115,0.496,0.496,Train Data Ambiguity (Both Exist)
တ,ta-,da-,520,0.458,0.323,Train Data Ambiguity (Both Exist)
ကြည့် ကြည့်,gyi. kyi.,gyi. gyi.,0,0.0,0.0,Out of Vocabulary (OOV)
ကြံ့,kyan.,gyan.,10,0.9,0.1,Train Data Ambiguity (Both Exist)
ပျံ,bjan,pjan,28,0.607,0.321,Train Data Ambiguity (Both Exist)
ရာ,ja,ja-,329,0.942,0.006,Train Data Ambiguity (Both Exist)
ပြေး,bjei:,pjei:,41,0.463,0.512,Train Data Ambiguity (Both Exist)
ခွက်,khwe',gwe',51,0.588,0.412,Train Data Ambiguity (Both Exist)
ပန်း,pan:,ba-,187,0.588,0.091,Train Data Ambiguity (Both Exist)
တိုက်,tai',dai',135,0.719,0.274,Train Data Ambiguity (Both Exist)
နွား,nwa:,na-,43,0.419,0.558,Train Data Ambiguity (Both Exist)
တို,dou,tou,57,0.474,0.509,Train Data Ambiguity (Both Exist)
ပစ်,pji',bji',96,0.833,0.135,Train Data Ambiguity (Both Exist)
ခတ်,kha',ga,67,0.896,0.0,Reference Missing from Training Token
ဖက်,hpe',be',98,0.735,0.265,Train Data Ambiguity (Both Exist)
က,ka-,ka.,572,0.372,0.192,Train Data Ambiguity (Both Exist)
ဝန်,wun,win,79,0.899,0.076,Train Data Ambiguity (Both Exist)
ခံ,khan,gan,239,0.628,0.314,Train Data Ambiguity (Both Exist)
ပေါက်,bau',pau',205,0.498,0.493,Train Data Ambiguity (Both Exist)
မ,ma-,ma.,773,0.696,0.288,Train Data Ambiguity (Both Exist)
ပြာ,pja,bja,46,0.717,0.217,Train Data Ambiguity (Both Exist)
စ,sa-,za-,395,0.299,0.408,Train Data Ambiguity (Both Exist)
တုတ်,tou',dou',31,0.645,0.355,Train Data Ambiguity (Both Exist)
ကျွန်,kyun,gyun,16,0.75,0.188,Train Data Ambiguity (Both Exist)
သေ,dhei,thei,151,0.225,0.682,Train Data Ambiguity (Both Exist)
ဣ,ei.,ei',1,1.0,0.0,Reference Missing from Training Token
ကြော့,gyo.,kyo.,3,0.667,0.333,Train Data Ambiguity (Both Exist)
ရှောင်း,ရှောင်း,shaun:,0,0.0,0.0,Out of Vocabulary (OOV)
ရှောင်း,ရှောင်း,shaun:,0,0.0,0.0,Out of Vocabulary (OOV)
ပြတ်,pja',bja',45,0.822,0.178,Train Data Ambiguity (Both Exist)
ပန်း,ban:,pan:,187,0.316,0.588,Train Data Ambiguity (Both Exist)
ဆွမ်း,hsun:,hswan:,51,0.569,0.392,Train Data Ambiguity (Both Exist)
ခြေ,chei,chi,188,0.431,0.372,Train Data Ambiguity (Both Exist)
ကြွေ,kywei,gywei,22,0.727,0.273,Train Data Ambiguity (Both Exist)
ရ သ,ra. tha.,ra' tha.,0,0.0,0.0,Out of Vocabulary (OOV)
ပြူ,pju,bju,4,1.0,0.0,Reference Missing from Training Token
ချမ်း,chan:,gyan:,23,0.652,0.348,Train Data Ambiguity (Both Exist)
က,ka-,ga-,572,0.372,0.36,Train Data Ambiguity (Both Exist)
ပျာ က,bja ga-,pja ga-,0,0.0,0.0,Out of Vocabulary (OOV)
အ ကြံ,a- kyan,a- kya,0,0.0,0.0,Out of Vocabulary (OOV)
အိုက်,ai',nai',5,1.0,0.0,Reference Missing from Training Token
ခ,kha-,ga-,261,0.686,0.08,Train Data Ambiguity (Both Exist)
တင်း,tin:,din:,88,0.5,0.489,Train Data Ambiguity (Both Exist)
သား,dha:,tha:,284,0.482,0.433,Train Data Ambiguity (Both Exist)
ခြား,cha:,gya:,33,0.424,0.576,Train Data Ambiguity (Both Exist)
မိန်း မ,mein: ma-,mein: ma.,0,0.0,0.0,Out of Vocabulary (OOV)
တိုး,tou:,dou:,77,0.494,0.481,Train Data Ambiguity (Both Exist)
ပြီး,pji:,bji:,22,0.636,0.136,Train Data Ambiguity (Both Exist)
ပြီး,pji:,bji:,22,0.636,0.136,Train Data Ambiguity (Both Exist)
ခ,kha-,kha.,261,0.686,0.18,Train Data Ambiguity (Both Exist)
စဉ်,zin,sin,64,0.594,0.406,Train Data Ambiguity (Both Exist)
ပြန့်,pjan.,bjan.,9,0.667,0.111,Train Data Ambiguity (Both Exist)
ချက်,gye',che',126,0.548,0.444,Train Data Ambiguity (Both Exist)
မ,ma-,ma.,773,0.696,0.288,Train Data Ambiguity (Both Exist)
ဝါး,wa:,wa-,88,0.739,0.182,Train Data Ambiguity (Both Exist)
စောင်း,saun:,zaun:,53,0.453,0.547,Train Data Ambiguity (Both Exist)
သုတ်,thou',dhou',28,0.857,0.143,Train Data Ambiguity (Both Exist)
ထွန်း,htun:,dun:,13,1.0,0.0,Reference Missing from Training Token
တိုင်,dain,tain,103,0.573,0.417,Train Data Ambiguity (Both Exist)
သူ ကြီး,dha- gyi:,dhu gyi:,0,0.0,0.0,Out of Vocabulary (OOV)
ရ,ja.,ra-,358,0.411,0.193,Train Data Ambiguity (Both Exist)
ကြား,gya:,kya:,80,0.575,0.412,Train Data Ambiguity (Both Exist)
တဲ,de:,te:,23,0.522,0.478,Train Data Ambiguity (Both Exist)
အက် ခ ရာ,e' kha- ja,e' kha- ja.,0,0.0,0.0,Out of Vocabulary (OOV)
ကျယ်,kye,gye,37,0.595,0.351,Train Data Ambiguity (Both Exist)
ချုပ်,gyou',chou',94,0.457,0.543,Train Data Ambiguity (Both Exist)
စဉ်,zin,sin,64,0.594,0.406,Train Data Ambiguity (Both Exist)
သော့,tho.,dho.,14,0.929,0.071,Train Data Ambiguity (Both Exist)
န ရီ,na- ji:,na- ji,0,0.0,0.0,Out of Vocabulary (OOV)
ဖွင့်,hpwin.,hpwin,24,0.958,0.0,Reference Missing from Training Token
ဆက်,hse',ze',72,0.736,0.25,Train Data Ambiguity (Both Exist)
တ,ta-,da-,520,0.458,0.323,Train Data Ambiguity (Both Exist)
စိမ့် စိမ့်,sein. zein.,zein. zein.,0,0.0,0.0,Out of Vocabulary (OOV)
ရီ,ri,ji,51,0.431,0.51,Train Data Ambiguity (Both Exist)
တံ,da-,tan,139,0.547,0.165,Train Data Ambiguity (Both Exist)
ဝမ်း တွင်း,wun: dwin:,wan: dwin:,0,0.0,0.0,Out of Vocabulary (OOV)
ပေ,pei,bei,57,0.807,0.193,Train Data Ambiguity (Both Exist)
တိုက်,tai',dai',135,0.719,0.274,Train Data Ambiguity (Both Exist)
လင်း,lin:,la-,79,0.937,0.038,Train Data Ambiguity (Both Exist)
ဖြုန်း,hpjoun:,bjoun:,9,0.778,0.222,Train Data Ambiguity (Both Exist)
ကျောက်,kyau',gyau',86,0.953,0.035,Train Data Ambiguity (Both Exist)
တစ် ယောက် တစ်,ta- jau' ta-,ta- jau' da-,0,0.0,0.0,Out of Vocabulary (OOV)
ဘဒ်,ဘဒ်,ba',0,0.0,0.0,Out of Vocabulary (OOV)
ခင်း,khin:,gin:,54,0.556,0.426,Train Data Ambiguity (Both Exist)
ခြောက်,chau',gyau',63,0.651,0.333,Train Data Ambiguity (Both Exist)
သိပ်,dhei',thei',19,0.158,0.842,Train Data Ambiguity (Both Exist)
စိမ်း,zein:,sein:,53,0.547,0.453,Train Data Ambiguity (Both Exist)
ငါး,nga-,nga:,127,0.677,0.323,Train Data Ambiguity (Both Exist)
စပ်,sa',za',115,0.591,0.409,Train Data Ambiguity (Both Exist)
စ,sa.,sa-,395,0.165,0.299,Train Data Ambiguity (Both Exist)
ကွင်း,gwin:,kwin:,65,0.646,0.354,Train Data Ambiguity (Both Exist)
ဆည်,hse,hsi,8,1.0,0.0,Reference Missing from Training Token
သော,tho:,dho:,40,0.55,0.35,Train Data Ambiguity (Both Exist)
ကျောင်း,kyaun:,gyaun:,56,0.661,0.339,Train Data Ambiguity (Both Exist)
ကိန်း,kein:,gein:,36,0.75,0.194,Train Data Ambiguity (Both Exist)
ဆိုး,hsou:,zou:,69,0.623,0.348,Train Data Ambiguity (Both Exist)
ကုန်း,koun:,goun:,33,0.667,0.333,Train Data Ambiguity (Both Exist)
ကြ စု,da- zu.,kya- zu.,0,0.0,0.0,Out of Vocabulary (OOV)
တို့,dou.,tou.,24,0.542,0.458,Train Data Ambiguity (Both Exist)
ပေး,pei:,bei:,105,0.81,0.19,Train Data Ambiguity (Both Exist)
ချာ,cha,gya,44,0.682,0.318,Train Data Ambiguity (Both Exist)
ထွက်,htwe',dwe',65,0.723,0.262,Train Data Ambiguity (Both Exist)
ကြား,gya:,kya:,80,0.575,0.412,Train Data Ambiguity (Both Exist)
ဣန် ဒြေ,ein da- rei,ein da-,0,0.0,0.0,Out of Vocabulary (OOV)
ကြီး,gyi:,rei,317,0.653,0.0,Reference Missing from Training Token
တောင်,taun,dau,101,0.693,0.01,Train Data Ambiguity (Both Exist)
ဤ ဤ,i i,ni i,0,0.0,0.0,Out of Vocabulary (OOV)
ငံ ပြာ ရည်,ngan bja jei,ngan pja jei,0,0.0,0.0,Out of Vocabulary (OOV)
စိတ်,zei',sei',148,0.176,0.824,Train Data Ambiguity (Both Exist)
ပေါ်,po,bo,55,0.655,0.345,Train Data Ambiguity (Both Exist)
ပြဲ,pje:,bje:,12,0.75,0.25,Train Data Ambiguity (Both Exist)
လွဲ,lwe:,lwe,36,0.972,0.0,Reference Missing from Training Token
ပင်း,bin:,pin:,20,0.7,0.3,Train Data Ambiguity (Both Exist)
တို,dou,tou,57,0.474,0.509,Train Data Ambiguity (Both Exist)
ပြေ,pjei,bjei,32,0.531,0.438,Train Data Ambiguity (Both Exist)
ပြေ,pjei,bjei,32,0.531,0.438,Train Data Ambiguity (Both Exist)
ကွဲ,kwe:,kwei,57,0.526,0.018,Train Data Ambiguity (Both Exist)
ကြား,gya:,kya:,80,0.575,0.412,Train Data Ambiguity (Both Exist)
ဘိုး,bou:,hpou:,6,0.667,0.333,Train Data Ambiguity (Both Exist)
သေး,dhei:,thei:,32,0.375,0.594,Train Data Ambiguity (Both Exist)
ဇ,za-,za,97,0.711,0.031,Train Data Ambiguity (Both Exist)
ပြောက်,bjau',pjau',15,0.533,0.467,Train Data Ambiguity (Both Exist)
ကမ် မဋ် ဌာန်း,ka ma- htan:,ka- ma- htan:,0,0.0,0.0,Out of Vocabulary (OOV)
မျက် နှာ ချေ,mje' nha- chi,mje' nha- chei,0,0.0,0.0,Out of Vocabulary (OOV)
ဘာ သာ,ba dha,hpa dha,0,0.0,0.0,Out of Vocabulary (OOV)
ခံ ချိ,khan gyi.,khan chi.,0,0.0,0.0,Out of Vocabulary (OOV)
ပြိုင်,pjain,bjaun,23,0.696,0.0,Reference Missing from Training Token
ကုန်း,koun:,goun:,33,0.667,0.333,Train Data Ambiguity (Both Exist)
စာ,za,sa,395,0.337,0.532,Train Data Ambiguity (Both Exist)
တို,dou,tou,57,0.474,0.509,Train Data Ambiguity (Both Exist)
ထွေ,htwei,dwei,34,0.706,0.294,Train Data Ambiguity (Both Exist)
တန် ဆာ,da- za,tan za,0,0.0,0.0,Out of Vocabulary (OOV)
သီး,dhi:,thi:,105,0.41,0.571,Train Data Ambiguity (Both Exist)
ဆုပ်,hsou',zou',15,0.6,0.4,Train Data Ambiguity (Both Exist)
ည တာ,nja. da,nja. ta,0,0.0,0.0,Out of Vocabulary (OOV)
ပြည့်,pji.,bji.,53,0.264,0.094,Train Data Ambiguity (Both Exist)
ဝမ်း,wun:,wan:,119,0.437,0.529,Train Data Ambiguity (Both Exist)
သာ,tha,dha,217,0.627,0.332,Train Data Ambiguity (Both Exist)
ပြန်,bjan,pjan,112,0.375,0.607,Train Data Ambiguity (Both Exist)
ဖော်,hpo,bo,47,0.766,0.213,Train Data Ambiguity (Both Exist)
ဟင်,hin:,hin,4,1.0,0.0,Reference Missing from Training Token
သိ,thi.,dhi.,68,0.794,0.132,Train Data Ambiguity (Both Exist)
ကျည်,kyi,gyi,25,0.68,0.2,Train Data Ambiguity (Both Exist)
ချုပ်,gyou',chou',94,0.457,0.543,Train Data Ambiguity (Both Exist)
မြိန့်,မြိန့်,mjein.,0,0.0,0.0,Out of Vocabulary (OOV)
ချော,cho:,gyo:,27,0.778,0.222,Train Data Ambiguity (Both Exist)
စိမ်း,sein:,zein:,53,0.453,0.547,Train Data Ambiguity (Both Exist)
ချို,chou,gyou,38,0.526,0.474,Train Data Ambiguity (Both Exist)
သပ်,tha',dha',22,0.955,0.045,Train Data Ambiguity (Both Exist)
ထိန်း,dein:,htein:,20,0.5,0.45,Train Data Ambiguity (Both Exist)
စောင်,saun,zaun,19,0.526,0.474,Train Data Ambiguity (Both Exist)
ပြ,pja.,bja.,90,0.656,0.189,Train Data Ambiguity (Both Exist)
က,ka-,ga-,572,0.372,0.36,Train Data Ambiguity (Both Exist)
တေ့,tei.,dei.,6,0.833,0.167,Train Data Ambiguity (Both Exist)
စ,za.,sa.,395,0.099,0.165,Train Data Ambiguity (Both Exist)
ပြုတ်,pjou',bjou',19,0.789,0.158,Train Data Ambiguity (Both Exist)
ခြေ,chei,chi,188,0.431,0.372,Train Data Ambiguity (Both Exist)
ဆန်,hsan,zan,91,0.703,0.176,Train Data Ambiguity (Both Exist)
ခြစ်,gyi',chi',15,0.733,0.267,Train Data Ambiguity (Both Exist)
တင်,tin,din,156,0.75,0.25,Train Data Ambiguity (Both Exist)
ခါး တောင်း ကျိုက်,ga- daun kyai',ga- daun: kyai',0,0.0,0.0,Out of Vocabulary (OOV)
ချက်,che',gye',126,0.444,0.548,Train Data Ambiguity (Both Exist)
ပုတ်,pou',bou',20,0.55,0.45,Train Data Ambiguity (Both Exist)
ဆိပ်,zei',hsei',30,0.4,0.533,Train Data Ambiguity (Both Exist)
တင်,tin,din,156,0.75,0.25,Train Data Ambiguity (Both Exist)
စ ကား,za- ga-,za- ga:,0,0.0,0.0,Out of Vocabulary (OOV)
တေ,tei,dei,39,0.692,0.282,Train Data Ambiguity (Both Exist)
သား,dha:,tha:,284,0.482,0.433,Train Data Ambiguity (Both Exist)
ချုံ,choun,gyoun,2,1.0,0.0,Reference Missing from Training Token
ပီ,pi,pa-,23,0.87,0.0,Reference Missing from Training Token
ဆောင်,hsaun,zaun,78,0.654,0.308,Train Data Ambiguity (Both Exist)
ညင်း,njin:,njhin:,15,0.8,0.2,Train Data Ambiguity (Both Exist)
ခြေ,chei,chi,188,0.431,0.372,Train Data Ambiguity (Both Exist)
ခတ်,kha',ga',67,0.896,0.06,Train Data Ambiguity (Both Exist)
ပေါက်,bau',pau',205,0.498,0.493,Train Data Ambiguity (Both Exist)
ခွင်,gwin,khwin,27,0.815,0.185,Train Data Ambiguity (Both Exist)
သ ကြား,dha- gya:,dha- gya-,0,0.0,0.0,Out of Vocabulary (OOV)
ခဲ,ge:,khe:,82,0.415,0.561,Train Data Ambiguity (Both Exist)
ထောင်,htaun,daun,65,0.385,0.6,Train Data Ambiguity (Both Exist)
ကြောင်,gyaun,kyaun,59,0.305,0.678,Train Data Ambiguity (Both Exist)
စေ့,zei.,si.,74,0.203,0.23,Train Data Ambiguity (Both Exist)
ဆွေ,hswei,zwei,21,1.0,0.0,Reference Missing from Training Token
အ စေ့,a- si.,a- sei.,0,0.0,0.0,Out of Vocabulary (OOV)
ကြီး,gyi:,kyi:,317,0.653,0.338,Train Data Ambiguity (Both Exist)
ခံ,khan,gan,239,0.628,0.314,Train Data Ambiguity (Both Exist)
ပေါ်,po,bo,55,0.655,0.345,Train Data Ambiguity (Both Exist)
တင်,tin,din,156,0.75,0.25,Train Data Ambiguity (Both Exist)
စ က,za- ga.,za- ka.,0,0.0,0.0,Out of Vocabulary (OOV)
ခြေ ထောက်,chi dau',chei dau',0,0.0,0.0,Out of Vocabulary (OOV)
ဝမ်း ဖော ဝမ်း ရောင်,wan: (wun:) hpo: wun:,wan: (wun:) hpo: wan:,0,0.0,0.0,Out of Vocabulary (OOV)
ကင်း,kin:,gin:,72,0.736,0.264,Train Data Ambiguity (Both Exist)
ဝါး,wa:,wa-,88,0.739,0.182,Train Data Ambiguity (Both Exist)
ထိုး,htou:,dou:,167,0.814,0.174,Train Data Ambiguity (Both Exist)
နှမ်း,nhan:,na-,15,1.0,0.0,Reference Missing from Training Token
ချဉ်,gyin,chin,35,0.4,0.571,Train Data Ambiguity (Both Exist)
နှင့်,nhin.,ne.,24,0.583,0.417,Train Data Ambiguity (Both Exist)
စီ,si,sa-,62,0.806,0.0,Reference Missing from Training Token
ခံ,khan,gan,239,0.628,0.314,Train Data Ambiguity (Both Exist)
စွန်း,zun:,sun:,31,0.452,0.548,Train Data Ambiguity (Both Exist)
ခွက်,khwe',gwe',51,0.588,0.412,Train Data Ambiguity (Both Exist)
ပ ရိ,pa- ri.,pa- ra-,0,0.0,0.0,Out of Vocabulary (OOV)
ဗိုဇ်,ဗိုဇ်,bai',0,0.0,0.0,Out of Vocabulary (OOV)
ပြု,pju.,pju,71,0.859,0.056,Train Data Ambiguity (Both Exist)
ကာ,ka,ga,192,0.578,0.375,Train Data Ambiguity (Both Exist)
ချွန်,gyun,chun,13,0.538,0.462,Train Data Ambiguity (Both Exist)
ကောက်,kau',gau',100,0.75,0.24,Train Data Ambiguity (Both Exist)
က သီ,ka- thi,ga- thi,0,0.0,0.0,Out of Vocabulary (OOV)
အာ ဂန် တု,a gan du,a gan du.,0,0.0,0.0,Out of Vocabulary (OOV)
တစ်,ti',di',309,0.058,0.003,Train Data Ambiguity (Both Exist)
တက်,te',de',128,0.812,0.18,Train Data Ambiguity (Both Exist)
စွယ်,zwe,swe,22,0.409,0.591,Train Data Ambiguity (Both Exist)
ကျိုး,kyou:,gyou:,62,0.742,0.242,Train Data Ambiguity (Both Exist)
တ,da-,ta-,520,0.323,0.458,Train Data Ambiguity (Both Exist)
ဖူး,hpu:,bu:,39,0.615,0.385,Train Data Ambiguity (Both Exist)
အ,a-,a.,3112,0.98,0.009,Train Data Ambiguity (Both Exist)
သ,tha-,dha-,638,0.48,0.361,Train Data Ambiguity (Both Exist)
သ,dha-,tha.,638,0.361,0.108,Train Data Ambiguity (Both Exist)
ခွေ,khwei,gwei,16,0.562,0.438,Train Data Ambiguity (Both Exist)
ပိုး,pou:,bou:,94,0.66,0.33,Train Data Ambiguity (Both Exist)
စ,sa-,sa.,395,0.299,0.165,Train Data Ambiguity (Both Exist)
တွဲ,dwe:,twe:,34,0.382,0.618,Train Data Ambiguity (Both Exist)
ကန့် လန့်,kan. lan.,ga- lan.,0,0.0,0.0,Out of Vocabulary (OOV)
နား,na:,na-,135,0.696,0.304,Train Data Ambiguity (Both Exist)
ကင်း,kin:,gin:,72,0.736,0.264,Train Data Ambiguity (Both Exist)
ပမ်း,ban:,pan:,3,0.667,0.333,Train Data Ambiguity (Both Exist)
ပေါက်,pau',bau',205,0.493,0.498,Train Data Ambiguity (Both Exist)
ပင်,pin,bi,126,0.643,0.0,Reference Missing from Training Token
အိမ်,ein,nein,127,0.921,0.063,Train Data Ambiguity (Both Exist)
စဉ်,zin,sin,64,0.594,0.406,Train Data Ambiguity (Both Exist)
ခြေ,chei,chi,188,0.431,0.372,Train Data Ambiguity (Both Exist)
ပစ်,pji',bji',96,0.833,0.135,Train Data Ambiguity (Both Exist)
ရွှန်း,shun:,shun,8,1.0,0.0,Reference Missing from Training Token
ပြင်း,bjin:,pjin:,15,0.733,0.267,Train Data Ambiguity (Both Exist)
ပဲ,pe:,be:,78,0.821,0.154,Train Data Ambiguity (Both Exist)
စို့,zou.,sou.,18,0.444,0.556,Train Data Ambiguity (Both Exist)
ပြည့်,pji.,pjei.,53,0.264,0.415,Train Data Ambiguity (Both Exist)
ဥပ်,ဥပ်,ou',0,0.0,0.0,Out of Vocabulary (OOV)
ပါတ်,ba',pa',10,0.9,0.1,Train Data Ambiguity (Both Exist)
ပျံ,bjan,pjan,28,0.607,0.321,Train Data Ambiguity (Both Exist)
ပိုး,pou:,bou:,94,0.66,0.33,Train Data Ambiguity (Both Exist)
တ ရ,da- ra.,da- ja.,0,0.0,0.0,Out of Vocabulary (OOV)
အ ကျပ်,a kya',a- kya',0,0.0,0.0,Out of Vocabulary (OOV)
ဣဋ်,ဣဋ်,ei',0,0.0,0.0,Out of Vocabulary (OOV)
စိုက်,sai',zai',40,0.675,0.3,Train Data Ambiguity (Both Exist)
သား,dha:,tha:,284,0.482,0.433,Train Data Ambiguity (Both Exist)
ပေါက်,bau',pau',205,0.498,0.493,Train Data Ambiguity (Both Exist)
ဗျိုက်,ဗျိုက်,bjai',0,0.0,0.0,Out of Vocabulary (OOV)
ခြောက်,chau',gyau',63,0.651,0.333,Train Data Ambiguity (Both Exist)
ပါ ဒ,ba da.,pa da.,0,0.0,0.0,Out of Vocabulary (OOV)
ခါး,kha:,kha-,75,0.307,0.067,Train Data Ambiguity (Both Exist)
ဆစ်,hsi',zi',36,0.778,0.222,Train Data Ambiguity (Both Exist)
ငှ,ငှ,ngha.,0,0.0,0.0,Out of Vocabulary (OOV)
ဆွမ်း,hsun:,hswan:,51,0.569,0.392,Train Data Ambiguity (Both Exist)
သ,dha-,tha-,638,0.361,0.48,Train Data Ambiguity (Both Exist)
ရာဇ်,ji',ri',12,0.917,0.083,Train Data Ambiguity (Both Exist)
ပြည့်,bji.,bjei.,53,0.094,0.113,Train Data Ambiguity (Both Exist)
ယဲ့,ယဲ့,je.,0,0.0,0.0,Out of Vocabulary (OOV)
ယဲ့,ယဲ့,je.,0,0.0,0.0,Out of Vocabulary (OOV)
ပိုး,pou:,bou:,94,0.66,0.33,Train Data Ambiguity (Both Exist)
လျာ,lja,lhja,11,0.636,0.0,Reference Missing from Training Token
ရယ်,je,ji,16,0.812,0.188,Train Data Ambiguity (Both Exist)
တိုင်း,tain:,dain:,51,0.608,0.392,Train Data Ambiguity (Both Exist)
တက်,te',de',128,0.812,0.18,Train Data Ambiguity (Both Exist)
အ ရပ်,a- ja',a- ja,0,0.0,0.0,Out of Vocabulary (OOV)
သန် တာ,than da,than da',0,0.0,0.0,Out of Vocabulary (OOV)
ပွေး,bwei:,pwei:,4,0.75,0.25,Train Data Ambiguity (Both Exist)
ရိ,ri.,ji.,58,0.586,0.31,Train Data Ambiguity (Both Exist)
သွား,thwa:,dhwa:,76,0.513,0.329,Train Data Ambiguity (Both Exist)
လှန်း,လှန်း,lhan:,0,0.0,0.0,Out of Vocabulary (OOV)
မ,ma-,ma.,773,0.696,0.288,Train Data Ambiguity (Both Exist)
စေ့ စေ့ ပေါက် ပေါက်,si. zi. pau' pau',sei. zei. pau' pau',0,0.0,0.0,Out of Vocabulary (OOV)
ဝ,wa.,wa-,163,0.595,0.356,Train Data Ambiguity (Both Exist)
သ,tha.,tha-,638,0.108,0.48,Train Data Ambiguity (Both Exist)
ကျ,kya.,gya.,222,0.734,0.221,Train Data Ambiguity (Both Exist)
ကျ,kya.,gya.,222,0.734,0.221,Train Data Ambiguity (Both Exist)
ကြောင်း,gyaun:,kyaun:,84,0.369,0.619,Train Data Ambiguity (Both Exist)
ပြေး,pjei:,bjei:,41,0.512,0.463,Train Data Ambiguity (Both Exist)
ဆည်း,hswe:,hsi:,9,0.333,0.333,Train Data Ambiguity (Both Exist)
ပင်,pin,bin,126,0.643,0.349,Train Data Ambiguity (Both Exist)
ခံ,khan,gan,239,0.628,0.314,Train Data Ambiguity (Both Exist)
ခွေး,khwei:,gwei:,46,0.87,0.109,Train Data Ambiguity (Both Exist)
ပိုင်,bain,pain,41,0.634,0.341,Train Data Ambiguity (Both Exist)
က,ka-,ga-,572,0.372,0.36,Train Data Ambiguity (Both Exist)
ရည် ဝ,jei wa.,ji wa.,0,0.0,0.0,Out of Vocabulary (OOV)
ပြည့်,pjei.,pji.,53,0.415,0.264,Train Data Ambiguity (Both Exist)
ဆမ်,ဆမ်,hsan,0,0.0,0.0,Out of Vocabulary (OOV)
ခြေ,chei,chi,188,0.431,0.372,Train Data Ambiguity (Both Exist)
ဝမ်း လျား ထိုး,wa- ja: htou:,wan: ja: htou:,0,0.0,0.0,Out of Vocabulary (OOV)
သည်,dhe,dhi,64,0.516,0.141,Train Data Ambiguity (Both Exist)
ဘု,hpa-,bu.,36,0.611,0.167,Train Data Ambiguity (Both Exist)
ထွက်,dwe',htwe',65,0.262,0.723,Train Data Ambiguity (Both Exist)
ခြေ,chei,chi,188,0.431,0.372,Train Data Ambiguity (Both Exist)
မ,ma-,ma.,773,0.696,0.288,Train Data Ambiguity (Both Exist)
ကမ်း ပါး,ga- ba:,ga- ba-,0,0.0,0.0,Out of Vocabulary (OOV)
စောင်း,saun:,zaun:,53,0.453,0.547,Train Data Ambiguity (Both Exist)
ခုံ,khoun,goun,58,0.569,0.345,Train Data Ambiguity (Both Exist)
ပြောင်,pjaun,bjaun,32,0.656,0.312,Train Data Ambiguity (Both Exist)
က,ka-,ka.,572,0.372,0.192,Train Data Ambiguity (Both Exist)
သေ,dhei,thei,151,0.225,0.682,Train Data Ambiguity (Both Exist)
တောင်,taun,daun,101,0.693,0.287,Train Data Ambiguity (Both Exist)
စပ်,sa',za',115,0.591,0.409,Train Data Ambiguity (Both Exist)
ရပ်,ja',ra',80,0.988,0.013,Train Data Ambiguity (Both Exist)
ကျမ်း,kyan:,gyan:,29,0.966,0.034,Train Data Ambiguity (Both Exist)
ထန်,htan,dan,5,1.0,0.0,Reference Missing from Training Token
စော် နံ,zo nan,so nan,0,0.0,0.0,Out of Vocabulary (OOV)
ဘိုး အေ,hpou: ei,bou: ei,0,0.0,0.0,Out of Vocabulary (OOV)
က,ka.,ka,572,0.192,0.012,Train Data Ambiguity (Both Exist)
ဘီး,bi:,bein:,23,0.652,0.304,Train Data Ambiguity (Both Exist)
နိုင် ငံ,nain gan,nain ngan,0,0.0,0.0,Out of Vocabulary (OOV)
မျက် နှာ,mje' nha-,mje' nha,0,0.0,0.0,Out of Vocabulary (OOV)
စုံး,zoun:,soun:,2,0.5,0.5,Train Data Ambiguity (Both Exist)
ဆောင်,hsaun,hsun,78,0.654,0.0,Reference Missing from Training Token
ထဲ,hte:,de:,7,0.429,0.429,Train Data Ambiguity (Both Exist)
ပုံ,poun,boun,107,0.561,0.411,Train Data Ambiguity (Both Exist)
မြီး,mji:,mhi:,52,0.423,0.0,Reference Missing from Training Token
စေ့,zei.,sei.,74,0.203,0.405,Train Data Ambiguity (Both Exist)
စေ့,zei.,sei.,74,0.203,0.405,Train Data Ambiguity (Both Exist)
ပါ ဒ,ba da.,pa da.,0,0.0,0.0,Out of Vocabulary (OOV)
စား,za:,sa:,285,0.498,0.393,Train Data Ambiguity (Both Exist)
ဝမ်း,wan:,wun:,119,0.529,0.437,Train Data Ambiguity (Both Exist)
သဗ် ဗ,tha' ba.,tha' ba-,0,0.0,0.0,Out of Vocabulary (OOV)
ရ,ja-,ra.,358,0.17,0.165,Train Data Ambiguity (Both Exist)
စာ,sa,sa-,395,0.532,0.091,Train Data Ambiguity (Both Exist)
ပ,pa-,pjin,411,0.528,0.146,Train Data Ambiguity (Both Exist)
ဉှာ,ဉှာ,njha,0,0.0,0.0,Out of Vocabulary (OOV)
စမ်း,san:,zan:,43,0.814,0.186,Train Data Ambiguity (Both Exist)
နား,na:,na-,135,0.696,0.304,Train Data Ambiguity (Both Exist)
ပန်း,pan:,ban:,187,0.588,0.316,Train Data Ambiguity (Both Exist)
ကြီး,gyi:,kyi:,317,0.653,0.338,Train Data Ambiguity (Both Exist)
ပါး,pa:,pa-,173,0.214,0.087,Train Data Ambiguity (Both Exist)
စက်,se',ze',135,0.748,0.237,Train Data Ambiguity (Both Exist)
ညစ်,nji',nji,21,0.952,0.048,Train Data Ambiguity (Both Exist)
ပြာ,pja,bja,46,0.717,0.217,Train Data Ambiguity (Both Exist)
ချုပ်,gyou',chou',94,0.457,0.543,Train Data Ambiguity (Both Exist)
ပြဋ် ဌာန်း ချက်,pja. htan: gye',pja' htan: gye',0,0.0,0.0,Out of Vocabulary (OOV)
ခြေ ချင်း,chi gyin:,chei gyin:,0,0.0,0.0,Out of Vocabulary (OOV)
နှာ ချေ,nha- chi,nha chei,0,0.0,0.0,Out of Vocabulary (OOV)
ရေ,jei,rei,390,0.949,0.028,Train Data Ambiguity (Both Exist)
ခင်း,khin:,gin:,54,0.556,0.426,Train Data Ambiguity (Both Exist)
ညဉ့်,njin.,njin,3,0.667,0.0,Reference Missing from Training Token
အိပ်,ei',hei',34,0.912,0.0,Reference Missing from Training Token
စုန်း,zoun:,soun:,11,0.636,0.364,Train Data Ambiguity (Both Exist)
စွန်,zun,sun,23,0.696,0.304,Train Data Ambiguity (Both Exist)
ထန်း,htan:,hta-,36,0.5,0.417,Train Data Ambiguity (Both Exist)
ကျင့်,kyin.,gyin.,32,0.75,0.219,Train Data Ambiguity (Both Exist)
ခွင့်,khwin.,gwin.,35,0.657,0.286,Train Data Ambiguity (Both Exist)
ခန်း,gan:,khan:,61,0.443,0.557,Train Data Ambiguity (Both Exist)
ဆီး,hsi:,zi:,31,0.677,0.29,Train Data Ambiguity (Both Exist)
ကြား,gya:,kya:,80,0.575,0.412,Train Data Ambiguity (Both Exist)
ပတ်,ba',pa',125,0.4,0.584,Train Data Ambiguity (Both Exist)
ဣ,ei.,i.,1,1.0,0.0,Reference Missing from Training Token
ပုတ်,pou',bou',20,0.55,0.45,Train Data Ambiguity (Both Exist)
ပြိ,ပြိ,pjei',0,0.0,0.0,Out of Vocabulary (OOV)
မြီး,mji:,mi:,52,0.423,0.577,Train Data Ambiguity (Both Exist)
ထောင့်,daun.,htaun.,10,0.8,0.2,Train Data Ambiguity (Both Exist)
နတ်,na',na-,73,0.973,0.014,Train Data Ambiguity (Both Exist)
ထိန်း,dein:,htein:,20,0.5,0.45,Train Data Ambiguity (Both Exist)
ချီး မွမ်း ခြေ ကျောက်,chi: mun: chi gyau',chi: mun: chei gyau',0,0.0,0.0,Out of Vocabulary (OOV)
ဂေါက် သီး,gau' thi:,gou' thi:,0,0.0,0.0,Out of Vocabulary (OOV)
ရည်,ji,jei,158,0.392,0.595,Train Data Ambiguity (Both Exist)
တစ်,ta-,da-,309,0.602,0.324,Train Data Ambiguity (Both Exist)
ကာ ယ,ka ja.,ga ja.,0,0.0,0.0,Out of Vocabulary (OOV)
စေ့,sei.,si.,74,0.405,0.23,Train Data Ambiguity (Both Exist)
တန်း,dan:,tan:,96,0.573,0.417,Train Data Ambiguity (Both Exist)
ပုဒ်,pou',bou',12,0.583,0.417,Train Data Ambiguity (Both Exist)
ခပ်,kha',ga',14,0.929,0.071,Train Data Ambiguity (Both Exist)
ပွား,pwa:,bwa:,35,0.486,0.514,Train Data Ambiguity (Both Exist)
ဇန်,ဇန်,za-,0,0.0,0.0,Out of Vocabulary (OOV)
ဆော်,hso,zo,18,0.667,0.333,Train Data Ambiguity (Both Exist)
ဇ,za.,za-,97,0.258,0.711,Train Data Ambiguity (Both Exist)
ခု,khu.,gu.,56,0.571,0.143,Train Data Ambiguity (Both Exist)
ချုပ်,gyou',chou',94,0.457,0.543,Train Data Ambiguity (Both Exist)
ဟာ,ha,ha.,67,0.985,0.015,Train Data Ambiguity (Both Exist)
ဂျော်,ဂျော်,gyo,0,0.0,0.0,Out of Vocabulary (OOV)
ဖြုန်း,hpjoun:,bjoun:,9,0.778,0.222,Train Data Ambiguity (Both Exist)
ခ နဲ,kha- ne:,ga- ne:,0,0.0,0.0,Out of Vocabulary (OOV)
ကျွမ်း,kywan:,gyun:,21,0.286,0.381,Train Data Ambiguity (Both Exist)
ပြန်,pjan,bjan,112,0.607,0.375,Train Data Ambiguity (Both Exist)
ထွား,htwa:,dwa:,5,1.0,0.0,Reference Missing from Training Token
ပေါင်း,baun:,paun:,69,0.58,0.406,Train Data Ambiguity (Both Exist)
တန်,tan,dan,79,0.658,0.165,Train Data Ambiguity (Both Exist)
ပြောင်,bjaun,pjaun,32,0.312,0.656,Train Data Ambiguity (Both Exist)
စွပ်,su',zu',29,0.621,0.379,Train Data Ambiguity (Both Exist)
ထည်,de,hte,44,0.455,0.523,Train Data Ambiguity (Both Exist)
ဖက်,hpe',be',98,0.735,0.265,Train Data Ambiguity (Both Exist)
ကား,ka:,ga:,164,0.262,0.518,Train Data Ambiguity (Both Exist)
ချဉ်,gyin,chin,35,0.4,0.571,Train Data Ambiguity (Both Exist)
န,na-,da-,166,0.536,0.0,Reference Missing from Training Token
စောင်,saun,zaun,19,0.526,0.474,Train Data Ambiguity (Both Exist)
အ လျှင်း,a- ljin:,a- shin:,0,0.0,0.0,Out of Vocabulary (OOV)
ခြောက်,chau',gyau',63,0.651,0.333,Train Data Ambiguity (Both Exist)
အိမ်,ein,ei,127,0.921,0.016,Train Data Ambiguity (Both Exist)
ဦး,u:,nu:,156,0.885,0.032,Train Data Ambiguity (Both Exist)
ထမ်း,dan:,htan:,34,0.529,0.265,Train Data Ambiguity (Both Exist)
စောင်း,zaun:,saun:,53,0.547,0.453,Train Data Ambiguity (Both Exist)
ဖား,hpa:,hpa-,32,0.594,0.25,Train Data Ambiguity (Both Exist)
ဝမ်း,wan:,wun:,119,0.529,0.437,Train Data Ambiguity (Both Exist)
လေး,lei:,lei,172,0.994,0.0,Reference Missing from Training Token
မ,ma-,ma.,773,0.696,0.288,Train Data Ambiguity (Both Exist)
ကြက် သီး,kye' thein:,kye' thi:,0,0.0,0.0,Out of Vocabulary (OOV)
လောင့်,လောင့်,laun.,0,0.0,0.0,Out of Vocabulary (OOV)
ဆွဲ,hswe:,zwe:,74,0.676,0.257,Train Data Ambiguity (Both Exist)
သန် တ,than da-,than ta.,0,0.0,0.0,Out of Vocabulary (OOV)
သော,dho:,tho:,40,0.35,0.55,Train Data Ambiguity (Both Exist)
ဘမ်း,ဘမ်း,ban:,0,0.0,0.0,Out of Vocabulary (OOV)
ထည်,de,hte,44,0.455,0.523,Train Data Ambiguity (Both Exist)
စင်,sin,zin,75,0.44,0.493,Train Data Ambiguity (Both Exist)
နား,na-,na:,135,0.304,0.696,Train Data Ambiguity (Both Exist)
က,ga-,ka-,572,0.36,0.372,Train Data Ambiguity (Both Exist)
ကျ,kya.,gya.,222,0.734,0.221,Train Data Ambiguity (Both Exist)
ပုံ,poun,bou',107,0.561,0.0,Reference Missing from Training Token
ဖည်,hpe,be,1,1.0,0.0,Reference Missing from Training Token
က ရု,ga- ju.,ka- ru.,0,0.0,0.0,Out of Vocabulary (OOV)
ဆုံး,zoun:,hsoun:,38,0.316,0.684,Train Data Ambiguity (Both Exist)
ဆိုး,hsou:,zou:,69,0.623,0.348,Train Data Ambiguity (Both Exist)
ပစ် စည်း,pji' si:,pji si:,0,0.0,0.0,Out of Vocabulary (OOV)
လယ် သူ မ,le tha- ma.,le dhu ma.,0,0.0,0.0,Out of Vocabulary (OOV)
ချိုး,chou:,gyou:,48,0.625,0.375,Train Data Ambiguity (Both Exist)
ဆိုး,hsou:,zou:,69,0.623,0.348,Train Data Ambiguity (Both Exist)
ပေါက်,bau',pau',205,0.498,0.493,Train Data Ambiguity (Both Exist)
ကောင်း,gaun:,kaun:,95,0.347,0.653,Train Data Ambiguity (Both Exist)
မ,ma-,ma.,773,0.696,0.288,Train Data Ambiguity (Both Exist)
တူ,du,tu,86,0.523,0.453,Train Data Ambiguity (Both Exist)
မြည့်,mjei.,mji.,3,0.667,0.333,Train Data Ambiguity (Both Exist)
နင်,nin:,nin,6,0.667,0.333,Train Data Ambiguity (Both Exist)
ပဲ,pe:,be:,78,0.821,0.154,Train Data Ambiguity (Both Exist)
သက် က ရာဇ်,the' ka- ji',dha- ga- ji',0,0.0,0.0,Out of Vocabulary (OOV)
ဆက်,hse',ze',72,0.736,0.25,Train Data Ambiguity (Both Exist)
ငါး,nga:,nga-,127,0.323,0.677,Train Data Ambiguity (Both Exist)
မှတ်,mha',mhu.,68,0.985,0.015,Train Data Ambiguity (Both Exist)
မ,ma-,a',773,0.696,0.0,Reference Missing from Training Token
ထင်,htin,ma-,34,0.882,0.0,Reference Missing from Training Token
က ရု ဏာ,ga- ju. na,ka- ru. na,0,0.0,0.0,Out of Vocabulary (OOV)
ဗ ထက် ခြိုက်,ba. de' chai',ba. la- chai',0,0.0,0.0,Out of Vocabulary (OOV)
ကျစ်,kyi',gyi',19,0.684,0.316,Train Data Ambiguity (Both Exist)
ဆိုး,hsou:,zou:,69,0.623,0.348,Train Data Ambiguity (Both Exist)
ရည်,ji,jei,158,0.392,0.595,Train Data Ambiguity (Both Exist)
တန်,tan,dan,79,0.658,0.165,Train Data Ambiguity (Both Exist)
ခဲ,ge:,khe:,82,0.415,0.561,Train Data Ambiguity (Both Exist)
သွား,dhwa:,thwa:,76,0.329,0.513,Train Data Ambiguity (Both Exist)
ဆိုး,hsou:,zou:,69,0.623,0.348,Train Data Ambiguity (Both Exist)
ကိုင်း,gain:,kain:,26,0.423,0.538,Train Data Ambiguity (Both Exist)
ကောင်း,kaun:,gaun:,95,0.653,0.347,Train Data Ambiguity (Both Exist)
တွင်း,dwin:,twin:,93,0.516,0.462,Train Data Ambiguity (Both Exist)
နှာ ရည်,nha ji,nha jei,0,0.0,0.0,Out of Vocabulary (OOV)
ခံ တက်,ga- de',kha- de',0,0.0,0.0,Out of Vocabulary (OOV)
ခို,khou,gou,36,0.889,0.111,Train Data Ambiguity (Both Exist)
ထိတ်,htei',dei',7,0.714,0.143,Train Data Ambiguity (Both Exist)
ပက်,pe',be,36,0.917,0.0,Reference Missing from Training Token
စိ,si.,zi.,64,0.859,0.125,Train Data Ambiguity (Both Exist)
တုံး,doun:,toun:,57,0.526,0.474,Train Data Ambiguity (Both Exist)
စည်း,si:,zi:,98,0.857,0.133,Train Data Ambiguity (Both Exist)
ကုပ်,gou',kou',29,0.621,0.379,Train Data Ambiguity (Both Exist)
ကောင်,kaun,kau,71,0.352,0.042,Train Data Ambiguity (Both Exist)
က လေး,ga- lei:,nga- lei:,0,0.0,0.0,Out of Vocabulary (OOV)
ထိ အောင်,hti aun,hti. aun,0,0.0,0.0,Out of Vocabulary (OOV)
ထန်း ဖူး,htan: bu:,htan: hpu:,0,0.0,0.0,Out of Vocabulary (OOV)
စံ,san,zan,37,0.595,0.243,Train Data Ambiguity (Both Exist)
ပိုး,pou:,bou:,94,0.66,0.33,Train Data Ambiguity (Both Exist)
တူ,du,tun,86,0.523,0.012,Train Data Ambiguity (Both Exist)
ညီ,nji,ji,44,0.977,0.0,Reference Missing from Training Token
ပိုက်,bai',pai',43,0.442,0.558,Train Data Ambiguity (Both Exist)
ခေါင်,gaun,khaun,40,0.525,0.425,Train Data Ambiguity (Both Exist)
အ သား,a- tha:,a- tha-,0,0.0,0.0,Out of Vocabulary (OOV)
ထောင်,htaun,daun,65,0.385,0.6,Train Data Ambiguity (Both Exist)
စင်,zin,sin,75,0.493,0.44,Train Data Ambiguity (Both Exist)
စံ,zan,san,37,0.243,0.595,Train Data Ambiguity (Both Exist)
အ,a-,a',3112,0.98,0.0,Reference Missing from Training Token
တန် စွက်,da- zwe',tan swe',0,0.0,0.0,Out of Vocabulary (OOV)
ပ ရိ သတ်,pa- rei' tha',pa- jei' tha',0,0.0,0.0,Out of Vocabulary (OOV)
ရေ,jei,rei,390,0.949,0.028,Train Data Ambiguity (Both Exist)
ရီ,ji,ri,51,0.51,0.431,Train Data Ambiguity (Both Exist)
စ,za-,sa-,395,0.408,0.299,Train Data Ambiguity (Both Exist)
ကုပ်,gou',kou',29,0.621,0.379,Train Data Ambiguity (Both Exist)
ဆေး,hsei:,zei:,155,0.748,0.232,Train Data Ambiguity (Both Exist)
ပြန်,pjan,bjan,112,0.607,0.375,Train Data Ambiguity (Both Exist)
ရ ရ,ja. ja.,ra. ra.,0,0.0,0.0,Out of Vocabulary (OOV)
ပျောက်,pjau',bjau',26,0.769,0.154,Train Data Ambiguity (Both Exist)
ကွက်,gwe',kwe',70,0.343,0.657,Train Data Ambiguity (Both Exist)
ခြေ,chei,gyei,188,0.431,0.186,Train Data Ambiguity (Both Exist)
ရ,ja.,ja-,358,0.411,0.17,Train Data Ambiguity (Both Exist)
ချာ,cha,gya,44,0.682,0.318,Train Data Ambiguity (Both Exist)
လတ်,la',le',40,0.925,0.025,Train Data Ambiguity (Both Exist)
သား,tha:,dha:,284,0.433,0.482,Train Data Ambiguity (Both Exist)
ရွား,jwa:,wa:,1,1.0,0.0,Reference Missing from Training Token
ကြွက် မြီး,kywe: mi:,kywe' mi:,0,0.0,0.0,Out of Vocabulary (OOV)
ပေါက်,bau',pau',205,0.498,0.493,Train Data Ambiguity (Both Exist)
ကြီး,gyi:,kyi:,317,0.653,0.338,Train Data Ambiguity (Both Exist)
န,na-,na.,166,0.536,0.404,Train Data Ambiguity (Both Exist)
တဂ်,တဂ်,te',0,0.0,0.0,Out of Vocabulary (OOV)
တည်း,hte:,di:,44,0.159,0.227,Train Data Ambiguity (Both Exist)
ပြာ,bja,pja,46,0.217,0.717,Train Data Ambiguity (Both Exist)
ပြီး,bji:,pi:,22,0.136,0.182,Train Data Ambiguity (Both Exist)
သူ ကြွယ်,tha- gywe,dha- gywe,0,0.0,0.0,Out of Vocabulary (OOV)
စ,sa-,sa.,395,0.299,0.165,Train Data Ambiguity (Both Exist)
သည်,dhe,dhi,64,0.516,0.141,Train Data Ambiguity (Both Exist)
ရှေ့,shei.,shei,43,0.93,0.07,Train Data Ambiguity (Both Exist)
သန် လျင်း,ta- lin:,than ljin:,0,0.0,0.0,Out of Vocabulary (OOV)
တီ,ti,nhi,58,0.552,0.0,Reference Missing from Training Token
တိုး,tou:,dou:,77,0.494,0.481,Train Data Ambiguity (Both Exist)
နား,na:,na-,135,0.696,0.304,Train Data Ambiguity (Both Exist)
နား,na:,za-,135,0.696,0.0,Reference Missing from Training Token
ကြား,gya:,kya:,80,0.575,0.412,Train Data Ambiguity (Both Exist)
ကိုင်,kain,gain,60,0.667,0.317,Train Data Ambiguity (Both Exist)
ကက် ကု ဆူး,ke' ga- zu:,ke' ku. zu:,0,0.0,0.0,Out of Vocabulary (OOV)
စား,za:,sa:,285,0.498,0.393,Train Data Ambiguity (Both Exist)
တျား,တျား,ta-,0,0.0,0.0,Out of Vocabulary (OOV)
တျား,တျား,ja:,0,0.0,0.0,Out of Vocabulary (OOV)
သန် ဓေ,dha- dei,than dei,0,0.0,0.0,Out of Vocabulary (OOV)
သဲ,the:,thei:,30,0.767,0.0,Reference Missing from Training Token
စ ကား,za- ga:,za- ga-,0,0.0,0.0,Out of Vocabulary (OOV)
စ ကား,za- ga:,za- ga-,0,0.0,0.0,Out of Vocabulary (OOV)
ကျယ်,kye,gye,37,0.595,0.351,Train Data Ambiguity (Both Exist)
ဆေး,hsei:,zei:,155,0.748,0.232,Train Data Ambiguity (Both Exist)
ဖွယ်,bwe,hpwe,13,0.538,0.462,Train Data Ambiguity (Both Exist)
ဖွယ်,hpwe,bwe,13,0.462,0.538,Train Data Ambiguity (Both Exist)
ပြား,bja:,pja:,54,0.648,0.352,Train Data Ambiguity (Both Exist)
စင်း,zin:,sin:,19,0.526,0.474,Train Data Ambiguity (Both Exist)
ပ,pa-,ba-,411,0.528,0.204,Train Data Ambiguity (Both Exist)
တောက်,tau',dau',56,0.732,0.268,Train Data Ambiguity (Both Exist)
မဲ့,me.,me,43,0.93,0.0,Reference Missing from Training Token
တိုက်,tai',dai',135,0.719,0.274,Train Data Ambiguity (Both Exist)
သ,tha-,tha.,638,0.48,0.108,Train Data Ambiguity (Both Exist)
ကိန်း,kein:,gein:,36,0.75,0.194,Train Data Ambiguity (Both Exist)
ပြ,pja.,bja.,90,0.656,0.189,Train Data Ambiguity (Both Exist)
ဖျိုး,ဖျိုး,hpjou:,0,0.0,0.0,Out of Vocabulary (OOV)
ဖျိုး,ဖျိုး,bjou:,0,0.0,0.0,Out of Vocabulary (OOV)
ထေ ရ ဝါ ဒ,hti ra. wa da.,htei ra. wa da.,0,0.0,0.0,Out of Vocabulary (OOV)
ထမ်း,dan:,htan:,34,0.529,0.265,Train Data Ambiguity (Both Exist)
ယောက်ျား,jau'kya:,jau',5,0.6,0.4,Train Data Ambiguity (Both Exist)
နောင် ကြဉ်,naun kyi,naun kyin,0,0.0,0.0,Out of Vocabulary (OOV)
ပုပ်,bou',pou',27,0.556,0.444,Train Data Ambiguity (Both Exist)
စင်,zin,sin,75,0.493,0.44,Train Data Ambiguity (Both Exist)
ပေက်,ပေက်,pe',0,0.0,0.0,Out of Vocabulary (OOV)
ကြီး,gyi:,kyi:,317,0.653,0.338,Train Data Ambiguity (Both Exist)
ပုံ,boun,poun,107,0.411,0.561,Train Data Ambiguity (Both Exist)
ကုန်,koun,goun,89,0.73,0.258,Train Data Ambiguity (Both Exist)
စူ,su,zu,10,0.9,0.1,Train Data Ambiguity (Both Exist)
ထန်း,htan:,hta-,36,0.5,0.417,Train Data Ambiguity (Both Exist)
ဝှီး,ဝှီး,hwi:,0,0.0,0.0,Out of Vocabulary (OOV)
ခ နဲ,kha- ne:,ga- ne:,0,0.0,0.0,Out of Vocabulary (OOV)
ရှင့်,ရှင့်,shin,0,0.0,0.0,Out of Vocabulary (OOV)
စား,za:,sa:,285,0.498,0.393,Train Data Ambiguity (Both Exist)
ဖျား,hpja:,bja:,46,0.652,0.326,Train Data Ambiguity (Both Exist)
သွယ်,thwe,dhwe,21,0.762,0.238,Train Data Ambiguity (Both Exist)
န,na-,na.,166,0.536,0.404,Train Data Ambiguity (Both Exist)
မှင်,mhin,mhi,7,1.0,0.0,Reference Missing from Training Token
ရိုး,jou:,njou:,106,0.981,0.0,Reference Missing from Training Token
ရိ,ri.,ji:,58,0.586,0.0,Reference Missing from Training Token
စား,za:,sa:,285,0.498,0.393,Train Data Ambiguity (Both Exist)
ဂဏ်,ဂဏ်,gan,0,0.0,0.0,Out of Vocabulary (OOV)
ကောင်း,gaun:,kaun:,95,0.347,0.653,Train Data Ambiguity (Both Exist)
ကောင်း,kaun:,gaun:,95,0.653,0.347,Train Data Ambiguity (Both Exist)
ကန်း,gan:,kan:,44,0.591,0.364,Train Data Ambiguity (Both Exist)
ကုန်,koun,goun,89,0.73,0.258,Train Data Ambiguity (Both Exist)
တံ,da-,tan,139,0.547,0.165,Train Data Ambiguity (Both Exist)
တွာ,တွာ,htwa,0,0.0,0.0,Out of Vocabulary (OOV)
စာ ရိတ် တ,za rei' ta,za rei' ta.,0,0.0,0.0,Out of Vocabulary (OOV)
ခြေ,chei,chi,188,0.431,0.372,Train Data Ambiguity (Both Exist)
ဆုပ်,hsou',zou',15,0.6,0.4,Train Data Ambiguity (Both Exist)
ကျို့,ကျို့,kyou.,0,0.0,0.0,Out of Vocabulary (OOV)
ကျို့,ကျို့,gyou.,0,0.0,0.0,Out of Vocabulary (OOV)
ယို့,ယို့,jou.,0,0.0,0.0,Out of Vocabulary (OOV)
ယို့,ယို့,jou.,0,0.0,0.0,Out of Vocabulary (OOV)
ထိုး,htou:,dou:,167,0.814,0.174,Train Data Ambiguity (Both Exist)
ကျပ်,kya',gya',36,0.806,0.194,Train Data Ambiguity (Both Exist)
ကြိ ယာ,ka ri.,ka- ri.,0,0.0,0.0,Out of Vocabulary (OOV)
ပြိုင်,pjain,bjain,23,0.696,0.261,Train Data Ambiguity (Both Exist)
တြီ,တြီ,tri,0,0.0,0.0,Out of Vocabulary (OOV)
ဆွမ်း,hsun:,hswan:,51,0.569,0.392,Train Data Ambiguity (Both Exist)
တင်,tin,din,156,0.75,0.25,Train Data Ambiguity (Both Exist)
ခံ,gan,khan,239,0.314,0.628,Train Data Ambiguity (Both Exist)
တူ,du,tu,86,0.523,0.453,Train Data Ambiguity (Both Exist)
ပြော,pjo:,bjo:,62,0.806,0.194,Train Data Ambiguity (Both Exist)
ချောင်,chaun,gyaun,24,0.625,0.375,Train Data Ambiguity (Both Exist)
ခ နဲ,kha- ne:,ga- ne:,0,0.0,0.0,Out of Vocabulary (OOV)
အ ထီး ကျန်,a- hti: gyan,a- hti: kyan,0,0.0,0.0,Out of Vocabulary (OOV)
အ,a-,a,3112,0.98,0.008,Train Data Ambiguity (Both Exist)
ပေး,bei:,pei:,105,0.19,0.81,Train Data Ambiguity (Both Exist)
ပင်,pin,pi,126,0.643,0.0,Reference Missing from Training Token
အပ်,a',na',41,0.927,0.073,Train Data Ambiguity (Both Exist)
ကဏ် ဍ,gan da.,kan da.,0,0.0,0.0,Out of Vocabulary (OOV)
ခြေ,gyei,chei,188,0.186,0.431,Train Data Ambiguity (Both Exist)
ကျ,kya.,gya.,222,0.734,0.221,Train Data Ambiguity (Both Exist)
သ ဘာ,dha- ba,tha- ba,0,0.0,0.0,Out of Vocabulary (OOV)
ဂိ,gi.,gein,3,0.667,0.0,Reference Missing from Training Token
န,na-,na.,166,0.536,0.404,Train Data Ambiguity (Both Exist)
ကုန်,koun,goun,89,0.73,0.258,Train Data Ambiguity (Both Exist)
ကြော,gyo:,kyo:,57,0.456,0.526,Train Data Ambiguity (Both Exist)
ထ မင်း,hta- min:,da- min:,0,0.0,0.0,Out of Vocabulary (OOV)
နား,na:,na-,135,0.696,0.304,Train Data Ambiguity (Both Exist)
ခံ,khan,gan,239,0.628,0.314,Train Data Ambiguity (Both Exist)
သံ,dhan,than,208,0.168,0.822,Train Data Ambiguity (Both Exist)
တည်း,de:,di:,44,0.273,0.227,Train Data Ambiguity (Both Exist)
တည့်,te.,ti.,16,0.875,0.0,Reference Missing from Training Token
အိမ်း အည်း မ လုပ်,ein: e: ma- lou',ein: i: ma- lou',0,0.0,0.0,Out of Vocabulary (OOV)
ဝင်,win,wi,133,0.985,0.015,Train Data Ambiguity (Both Exist)
အူ,u,nu,55,0.982,0.018,Train Data Ambiguity (Both Exist)
ပေါက်,pau',bau',205,0.493,0.498,Train Data Ambiguity (Both Exist)
ကုမ်,koun,goun,2,1.0,0.0,Reference Missing from Training Token
သား,tha:,tha-,284,0.433,0.067,Train Data Ambiguity (Both Exist)
ခ စား,kha. za:,ga. za:,0,0.0,0.0,Out of Vocabulary (OOV)
ပါး,pa:,pa-,173,0.214,0.087,Train Data Ambiguity (Both Exist)
တံ,dan,tan,139,0.245,0.165,Train Data Ambiguity (Both Exist)
ပွား,pwa:,bwa:,35,0.486,0.514,Train Data Ambiguity (Both Exist)
တင်း,tin:,tin,88,0.5,0.0,Reference Missing from Training Token
ဆေး,hsei:,zei:,155,0.748,0.232,Train Data Ambiguity (Both Exist)
နည်း,ni:,ne:,80,0.637,0.362,Train Data Ambiguity (Both Exist)
တ ရ,da- ra.,da. ja.,0,0.0,0.0,Out of Vocabulary (OOV)
ဖြုန်း စပ်,bjoun: za',hpjoun: za',0,0.0,0.0,Out of Vocabulary (OOV)
ကျို,gyou,kyou,4,0.75,0.25,Train Data Ambiguity (Both Exist)
ဆောင်,zaun,hsaun,78,0.308,0.654,Train Data Ambiguity (Both Exist)
ပျစ်,bji',pji',26,0.577,0.423,Train Data Ambiguity (Both Exist)
ဖော်,hpo,bo,47,0.766,0.213,Train Data Ambiguity (Both Exist)
ဆီ,hsi,zi,74,0.716,0.27,Train Data Ambiguity (Both Exist)
ကြား,gya:,kya:,80,0.575,0.412,Train Data Ambiguity (Both Exist)
ကြို,kyou,gyou,18,0.5,0.5,Train Data Ambiguity (Both Exist)
သွား,dhwa:,thwa:,76,0.329,0.513,Train Data Ambiguity (Both Exist)
ကုန်,koun,kou,89,0.73,0.0,Reference Missing from Training Token
အောင်,aun,naun,52,0.904,0.096,Train Data Ambiguity (Both Exist)
ခွေ,gwei,khwei,16,0.438,0.562,Train Data Ambiguity (Both Exist)
ဆွဲ,hswe:,zwe:,74,0.676,0.257,Train Data Ambiguity (Both Exist)
ဖို,hpou,bou,32,0.5,0.5,Train Data Ambiguity (Both Exist)
သံ,dhan,than,208,0.168,0.822,Train Data Ambiguity (Both Exist)
စား,za:,sa:,285,0.498,0.393,Train Data Ambiguity (Both Exist)
လ,la.,la-,189,0.677,0.302,Train Data Ambiguity (Both Exist)
ပြင်း,bjin:,pjin:,15,0.733,0.267,Train Data Ambiguity (Both Exist)
ရ,ja-,ja.,358,0.17,0.411,Train Data Ambiguity (Both Exist)
ကျိုး နပ်,kyou: na',gyou: na',0,0.0,0.0,Out of Vocabulary (OOV)
မု လေး,ma- lei:,mja' le:,0,0.0,0.0,Out of Vocabulary (OOV)
ခြေ,chi,chei,188,0.372,0.431,Train Data Ambiguity (Both Exist)
တက်,te',de',128,0.812,0.18,Train Data Ambiguity (Both Exist)
ဝါး,wa:,wa-,88,0.739,0.182,Train Data Ambiguity (Both Exist)
ကုန်း,koun:,goun:,33,0.667,0.333,Train Data Ambiguity (Both Exist)
တင်း,tin:,din:,88,0.5,0.489,Train Data Ambiguity (Both Exist)
လ်,လ်,na,0,0.0,0.0,Out of Vocabulary (OOV)
ရက်,je',re',102,0.912,0.088,Train Data Ambiguity (Both Exist)
သွား,dhwa:,thwa:,76,0.329,0.513,Train Data Ambiguity (Both Exist)
ခွက်,khwe',gwe',51,0.588,0.412,Train Data Ambiguity (Both Exist)
ကျန်,kyan,gyan,9,0.778,0.222,Train Data Ambiguity (Both Exist)
ကျန်,kyan,gyan,9,0.778,0.222,Train Data Ambiguity (Both Exist)
ချက်,gye',che',126,0.548,0.444,Train Data Ambiguity (Both Exist)
ပန်း,pan:,pa-,187,0.588,0.0,Reference Missing from Training Token
သင်,thin,dhin,157,0.675,0.025,Train Data Ambiguity (Both Exist)
ဖြူ,hpju,bju,43,0.465,0.512,Train Data Ambiguity (Both Exist)
မြီး,mji:,mi:,52,0.423,0.577,Train Data Ambiguity (Both Exist)
ကြုတ်,kyou',gyou',4,0.5,0.5,Train Data Ambiguity (Both Exist)
ကျွတ်,kyu',gyu',17,0.529,0.471,Train Data Ambiguity (Both Exist)
တိုက်,tai',dai',135,0.719,0.274,Train Data Ambiguity (Both Exist)
ဖ ယောင်း,hpa- jaun:,ba- jaun:,0,0.0,0.0,Out of Vocabulary (OOV)
အ မယ် လေး,a- ma- lei:,a- me lei:,0,0.0,0.0,Out of Vocabulary (OOV)
ဒည်း,ဒည်း,di:,0,0.0,0.0,Out of Vocabulary (OOV)
မ,ma.,ma,773,0.288,0.01,Train Data Ambiguity (Both Exist)
ဆွဲ,hswe:,zwe:,74,0.676,0.257,Train Data Ambiguity (Both Exist)
ပြား,bja:,pja:,54,0.648,0.352,Train Data Ambiguity (Both Exist)
ကပ်,ka',ga',102,0.784,0.196,Train Data Ambiguity (Both Exist)
တု ရင်,da- jin,du. jin,0,0.0,0.0,Out of Vocabulary (OOV)
မျက် နှာ,mje' nha,mje nha-,0,0.0,0.0,Out of Vocabulary (OOV)
ဇိဒ်,ဇိဒ်,zei',0,0.0,0.0,Out of Vocabulary (OOV)
ဖြူ,bju,hpju,43,0.512,0.465,Train Data Ambiguity (Both Exist)
ဥ,u.,ou',127,0.85,0.071,Train Data Ambiguity (Both Exist)
က,ga-,ka-,572,0.36,0.372,Train Data Ambiguity (Both Exist)
ဆေး,hsei:,zei:,155,0.748,0.232,Train Data Ambiguity (Both Exist)
နှစ်,nhi',nha-,85,0.671,0.306,Train Data Ambiguity (Both Exist)
ကျိပ်,gyei',kyei',2,1.0,0.0,Reference Missing from Training Token
ကျွတ်,kyu',gyu',17,0.529,0.471,Train Data Ambiguity (Both Exist)
ဂ,ga-,ga,135,0.763,0.015,Train Data Ambiguity (Both Exist)
တင်,din,tin,156,0.25,0.75,Train Data Ambiguity (Both Exist)
နုံး,နုံး,noun:,0,0.0,0.0,Out of Vocabulary (OOV)
မျက် နှာ,mje' nha-,mje' nha,0,0.0,0.0,Out of Vocabulary (OOV)
ချင်း,gyin:,ja,89,0.607,0.0,Reference Missing from Training Token
စစ်,si',zi',159,0.887,0.113,Train Data Ambiguity (Both Exist)
စေ့,zei.,sei.,74,0.203,0.405,Train Data Ambiguity (Both Exist)
စေး,si:,zei:,36,0.306,0.194,Train Data Ambiguity (Both Exist)
ကိုင်,kain,gain,60,0.667,0.317,Train Data Ambiguity (Both Exist)
ပူ,pu,bu,69,0.623,0.362,Train Data Ambiguity (Both Exist)
ပူ,pu,bu,69,0.623,0.362,Train Data Ambiguity (Both Exist)
ဝါး,wa:,wa-,88,0.739,0.182,Train Data Ambiguity (Both Exist)
ထောက်,htau',dau',68,0.618,0.368,Train Data Ambiguity (Both Exist)
စေ့,zei.,zi.,74,0.203,0.135,Train Data Ambiguity (Both Exist)
န ဂါး,na- ga-,na- ga:,0,0.0,0.0,Out of Vocabulary (OOV)
ကိုက်,kai',gai',34,0.794,0.176,Train Data Ambiguity (Both Exist)
တံ,dan,tan,139,0.245,0.165,Train Data Ambiguity (Both Exist)
သန် တ ရ,than da- ra.,than ta. ra.,0,0.0,0.0,Out of Vocabulary (OOV)
လျဉ် မီ,lin mi,ljin mi,0,0.0,0.0,Out of Vocabulary (OOV)
သူ,thu,dha-,146,0.418,0.062,Train Data Ambiguity (Both Exist)
ကန်,kan,gan,72,0.569,0.292,Train Data Ambiguity (Both Exist)
န,na.,na-,166,0.404,0.536,Train Data Ambiguity (Both Exist)
က,ka-,ka.,572,0.372,0.192,Train Data Ambiguity (Both Exist)
ရ သ,ra. tha.,ja. tha.,0,0.0,0.0,Out of Vocabulary (OOV)
တံ,dan,tan,139,0.245,0.165,Train Data Ambiguity (Both Exist)
ကဲ့,ge.,ke.,3,0.667,0.333,Train Data Ambiguity (Both Exist)
စဉ်,zin,sin,64,0.594,0.406,Train Data Ambiguity (Both Exist)
သ မီး,tha- mi:,dha- mi:,0,0.0,0.0,Out of Vocabulary (OOV)
ရိ,ri.,ji.,58,0.586,0.31,Train Data Ambiguity (Both Exist)
တွင်း,dwin:,twin:,93,0.516,0.462,Train Data Ambiguity (Both Exist)
ချောက်,chau',gyau',12,0.583,0.417,Train Data Ambiguity (Both Exist)
ကျ,kya.,gya.,222,0.734,0.221,Train Data Ambiguity (Both Exist)
ကွန်း,gun:,kun:,14,0.429,0.429,Train Data Ambiguity (Both Exist)
ရ,ja-,ja.,358,0.17,0.411,Train Data Ambiguity (Both Exist)
မ,ma.,ma:,773,0.288,0.0,Reference Missing from Training Token
တောက်,tau',dau',56,0.732,0.268,Train Data Ambiguity (Both Exist)
ချိန်,gyein,chein,68,0.324,0.662,Train Data Ambiguity (Both Exist)
လှန်း,လှန်း,lhan:,0,0.0,0.0,Out of Vocabulary (OOV)
ချက်,che',gye',126,0.444,0.548,Train Data Ambiguity (Both Exist)
စေ့,zei.,sei.,74,0.203,0.405,Train Data Ambiguity (Both Exist)
စေ့,zei.,sei.,74,0.203,0.405,Train Data Ambiguity (Both Exist)
ပါး,pa:,ba-,173,0.214,0.139,Train Data Ambiguity (Both Exist)
စောင်,saun,zaun,19,0.526,0.474,Train Data Ambiguity (Both Exist)
ကန်,kan,ka,72,0.569,0.0,Reference Missing from Training Token
ဧ က,ei: ka.,nei ka.,0,0.0,0.0,Out of Vocabulary (OOV)
အ သား,a- tha:,a- dha-,0,0.0,0.0,Out of Vocabulary (OOV)
ကျ,kya.,gya.,222,0.734,0.221,Train Data Ambiguity (Both Exist)
သပ်,tha',dha',22,0.955,0.045,Train Data Ambiguity (Both Exist)
နှ မ,nha- ma-,nha- ma.,0,0.0,0.0,Out of Vocabulary (OOV)
ကုန်,koun,goun,89,0.73,0.258,Train Data Ambiguity (Both Exist)
က,ka-,ga-,572,0.372,0.36,Train Data Ambiguity (Both Exist)
တုတ်,tou',dou',31,0.645,0.355,Train Data Ambiguity (Both Exist)
ပ,ba-,pa-,411,0.204,0.528,Train Data Ambiguity (Both Exist)
ထ,hta-,hta.,120,0.508,0.367,Train Data Ambiguity (Both Exist)
နှင့်,nhin.,ne.,24,0.583,0.417,Train Data Ambiguity (Both Exist)
ဆုတ်,hsou',zou',24,0.917,0.0,Reference Missing from Training Token
ချေး,chei:,chi:,27,0.185,0.407,Train Data Ambiguity (Both Exist)
ဖို,hpou,bou,32,0.5,0.5,Train Data Ambiguity (Both Exist)
ခင်,khin,gin,33,0.697,0.242,Train Data Ambiguity (Both Exist)
တိတ်,tei',dei',23,0.783,0.174,Train Data Ambiguity (Both Exist)
ခေါက်,khau',gau',48,0.938,0.062,Train Data Ambiguity (Both Exist)
ကြား,kya:,gya:,80,0.412,0.575,Train Data Ambiguity (Both Exist)
စ ကား,za- ga:,za- ga-,0,0.0,0.0,Out of Vocabulary (OOV)
စ,sa.,za.,395,0.165,0.099,Train Data Ambiguity (Both Exist)
မု,ma-,mu.,31,0.323,0.452,Train Data Ambiguity (Both Exist)
စား,sa:,sa-,285,0.393,0.046,Train Data Ambiguity (Both Exist)
ချဉ့်,ချဉ့်,chin.,0,0.0,0.0,Out of Vocabulary (OOV)
ကိစ် စ,kei' sa.,kei' sa,0,0.0,0.0,Out of Vocabulary (OOV)
စ,za-,sa,395,0.408,0.01,Train Data Ambiguity (Both Exist)
စေး ပိုင်,si: pain,sei: pain,0,0.0,0.0,Out of Vocabulary (OOV)
ဘိ,bi.,bein,15,0.533,0.0,Reference Missing from Training Token
စော် နံ,zo nan,so nan,0,0.0,0.0,Out of Vocabulary (OOV)
ကပ်,ka',ga',102,0.784,0.196,Train Data Ambiguity (Both Exist)
က,ka-,ga-,572,0.372,0.36,Train Data Ambiguity (Both Exist)
တုတ်,tou',dou',31,0.645,0.355,Train Data Ambiguity (Both Exist)
ပွဲ,pwe:,bwe:,135,0.496,0.504,Train Data Ambiguity (Both Exist)
စွဲ,swe:,zwe:,50,0.78,0.22,Train Data Ambiguity (Both Exist)
ကျ,gya.,kya.,222,0.221,0.734,Train Data Ambiguity (Both Exist)
မ,ma-,ma.,773,0.696,0.288,Train Data Ambiguity (Both Exist)
ရာ,ja,ra,329,0.942,0.043,Train Data Ambiguity (Both Exist)
စစ်,si',zi',159,0.887,0.113,Train Data Ambiguity (Both Exist)
ခြေ,chei,chi,188,0.431,0.372,Train Data Ambiguity (Both Exist)
ဆန်,hsan,zan,91,0.703,0.176,Train Data Ambiguity (Both Exist)
ဓား,da:,da-,32,0.469,0.531,Train Data Ambiguity (Both Exist)
စ ကား,za- ga-,za- ga:,0,0.0,0.0,Out of Vocabulary (OOV)
ချပ်,gya',cha',26,0.615,0.385,Train Data Ambiguity (Both Exist)
ခါ,kha,ga,86,0.837,0.151,Train Data Ambiguity (Both Exist)
ကန့် လန့်,kan. lan.,ga- lan.,0,0.0,0.0,Out of Vocabulary (OOV)
ပေါက်,bau',pau',205,0.498,0.493,Train Data Ambiguity (Both Exist)
ပြေ,bjei,pjei,32,0.438,0.531,Train Data Ambiguity (Both Exist)
တ ရား,ta- ja:,ta- ja-,0,0.0,0.0,Out of Vocabulary (OOV)
ခွင်,gwin,khwin,27,0.815,0.185,Train Data Ambiguity (Both Exist)
တန်း,tan:,dan:,96,0.417,0.573,Train Data Ambiguity (Both Exist)
ဓဗ်,ဓဗ်,da',0,0.0,0.0,Out of Vocabulary (OOV)
ဗ,ba-,ba.,82,0.854,0.134,Train Data Ambiguity (Both Exist)
ဖြူး,bju:,hpju:,6,0.5,0.5,Train Data Ambiguity (Both Exist)
ပါ,pa,ba,142,0.697,0.282,Train Data Ambiguity (Both Exist)
ချစ်,chi',gyi',7,0.857,0.143,Train Data Ambiguity (Both Exist)
ခင်,khin,gin,33,0.697,0.242,Train Data Ambiguity (Both Exist)
ရို,jou,rou,23,0.696,0.217,Train Data Ambiguity (Both Exist)
စုံ,zoun,soun,66,0.485,0.515,Train Data Ambiguity (Both Exist)
ပမ်း,ban:,pan:,3,0.667,0.333,Train Data Ambiguity (Both Exist)
သ,tha-,tha.,638,0.48,0.108,Train Data Ambiguity (Both Exist)
ချိုး,chou:,gyou:,48,0.625,0.375,Train Data Ambiguity (Both Exist)
ဆောင်,zaun,hsaun,78,0.308,0.654,Train Data Ambiguity (Both Exist)
ကျောက်,kyau',gyau',86,0.953,0.035,Train Data Ambiguity (Both Exist)
ဆံ ကျင်,hsan gyin,hsan kyin,0,0.0,0.0,Out of Vocabulary (OOV)
ပု,pa-,bu.,75,0.48,0.027,Train Data Ambiguity (Both Exist)
ဏ,na.,na-,38,0.711,0.263,Train Data Ambiguity (Both Exist)
ကိုင်,kain,gain,60,0.667,0.317,Train Data Ambiguity (Both Exist)
ကန်,kan,gan,72,0.569,0.292,Train Data Ambiguity (Both Exist)
မဉ် ဇူ,mjin zu,min zu,0,0.0,0.0,Out of Vocabulary (OOV)
တောင်,taun,daun,101,0.693,0.287,Train Data Ambiguity (Both Exist)
ကွင်း,kwin:,gwin:,65,0.354,0.646,Train Data Ambiguity (Both Exist)
ဆား,hsa:,hsa-,24,0.917,0.083,Train Data Ambiguity (Both Exist)
တောင်,taun,daun,101,0.693,0.287,Train Data Ambiguity (Both Exist)
ဆီ,hsi,zi,74,0.716,0.27,Train Data Ambiguity (Both Exist)
ပါ,pa,ba,142,0.697,0.282,Train Data Ambiguity (Both Exist)
စောင်,saun,zaun,19,0.526,0.474,Train Data Ambiguity (Both Exist)
အ,a-,a,3112,0.98,0.008,Train Data Ambiguity (Both Exist)
ရ ဟတ်,ja- ha',ra- ha',0,0.0,0.0,Out of Vocabulary (OOV)
ကြော,gyo:,kyo:,57,0.456,0.526,Train Data Ambiguity (Both Exist)
ဖျဉ်း,hpjin:,bjin:,9,0.778,0.222,Train Data Ambiguity (Both Exist)
ရူ,ju,ru,18,0.722,0.222,Train Data Ambiguity (Both Exist)
ကြည်,kyi,gyi,23,0.652,0.304,Train Data Ambiguity (Both Exist)
သိ,thi.,dhi.,68,0.794,0.132,Train Data Ambiguity (Both Exist)
ကား,ka:,ga:,164,0.262,0.518,Train Data Ambiguity (Both Exist)
တောင်,taun,daun,101,0.693,0.287,Train Data Ambiguity (Both Exist)
ခါး,ga:,kha:,75,0.373,0.307,Train Data Ambiguity (Both Exist)
ယောက်ျား,jau'kya:,jau'kya-,5,0.6,0.0,Reference Missing from Training Token
ကြွ,kywa.,gywa.,21,0.667,0.286,Train Data Ambiguity (Both Exist)
ခတ်,kha',ga',67,0.896,0.06,Train Data Ambiguity (Both Exist)
ရာ ဇ ဝတ်,ja za- wu',ja- za wu',0,0.0,0.0,Out of Vocabulary (OOV)
ပြာ,pja,bja,46,0.717,0.217,Train Data Ambiguity (Both Exist)
န ကျယ်,na- gye,na- gyi,0,0.0,0.0,Out of Vocabulary (OOV)
စဉ်,zin,sin,64,0.594,0.406,Train Data Ambiguity (Both Exist)
မ,ma.,ma,773,0.288,0.01,Train Data Ambiguity (Both Exist)
တင်,tin,din,156,0.75,0.25,Train Data Ambiguity (Both Exist)
စေး,sei:,si:,36,0.444,0.306,Train Data Ambiguity (Both Exist)
ပေါက်,bau',pau',205,0.498,0.493,Train Data Ambiguity (Both Exist)
ကပ်,ka',ga',102,0.784,0.196,Train Data Ambiguity (Both Exist)
ခန်း,gan:,khan:,61,0.443,0.557,Train Data Ambiguity (Both Exist)
စိမ်,sein,zein,10,0.7,0.3,Train Data Ambiguity (Both Exist)
ခြေ ဖ,chi ba-,chei ba-,0,0.0,0.0,Out of Vocabulary (OOV)
သား,dha:,tha:,284,0.482,0.433,Train Data Ambiguity (Both Exist)
ချိုင့်,gyain.,chain.,12,0.833,0.167,Train Data Ambiguity (Both Exist)
ရွား,jwa:,jwa,1,1.0,0.0,Reference Missing from Training Token
ခ ဏ,kha- na.,kha- na,0,0.0,0.0,Out of Vocabulary (OOV)
ခန်း,khan:,gan:,61,0.557,0.443,Train Data Ambiguity (Both Exist)
တန်း,dan:,tan:,96,0.573,0.417,Train Data Ambiguity (Both Exist)
စံ ပယ်,za- be,san pe,0,0.0,0.0,Out of Vocabulary (OOV)
ကြွပ်,kyu',gyu',9,0.444,0.556,Train Data Ambiguity (Both Exist)
စင်,zin,sin,75,0.493,0.44,Train Data Ambiguity (Both Exist)
က,ka-,ga-,572,0.372,0.36,Train Data Ambiguity (Both Exist)
ထိတ် ထိတ်,htei' htei',dei' dei',0,0.0,0.0,Out of Vocabulary (OOV)
ကက် ကု ဆူး,ke' ga- zu:,ke' ku zu:,0,0.0,0.0,Out of Vocabulary (OOV)
ကံ,kan,gan,45,0.756,0.133,Train Data Ambiguity (Both Exist)
ဒ,da.,da-,133,0.571,0.391,Train Data Ambiguity (Both Exist)
မီ,mhi,mi,32,0.531,0.438,Train Data Ambiguity (Both Exist)
ပင်,pin,bin,126,0.643,0.349,Train Data Ambiguity (Both Exist)
ခြောက်,chau',gyau',63,0.651,0.333,Train Data Ambiguity (Both Exist)
ချစ်,chi',gyi',7,0.857,0.143,Train Data Ambiguity (Both Exist)
တား,ta:,da:,29,0.655,0.345,Train Data Ambiguity (Both Exist)
ပေး,pei:,pjei:,105,0.81,0.0,Reference Missing from Training Token
ချ,cha.,gya.,132,0.924,0.015,Train Data Ambiguity (Both Exist)
ပယ်,pe,be,21,0.714,0.286,Train Data Ambiguity (Both Exist)
ကြို,kyou,gyou,18,0.5,0.5,Train Data Ambiguity (Both Exist)
ဆား,hsa:,hsa-,24,0.917,0.083,Train Data Ambiguity (Both Exist)
သန် တာ,than da,dha- da,0,0.0,0.0,Out of Vocabulary (OOV)
ပြန်,pjan,bjan,112,0.607,0.375,Train Data Ambiguity (Both Exist)
တု,tu.,du.,59,0.525,0.339,Train Data Ambiguity (Both Exist)
ဝါး,wa:,wa-,88,0.739,0.182,Train Data Ambiguity (Both Exist)
ပပ်,pa',ba',10,0.8,0.2,Train Data Ambiguity (Both Exist)
ထွက်,htwe',dwe',65,0.723,0.262,Train Data Ambiguity (Both Exist)
ဖတ်,hpa',ba',49,0.449,0.51,Train Data Ambiguity (Both Exist)
ပြည့်,pji.,pjei.,53,0.264,0.415,Train Data Ambiguity (Both Exist)
ကြေး,kyei:,kyi:,69,0.435,0.101,Train Data Ambiguity (Both Exist)
စာ,sa,sa-,395,0.532,0.091,Train Data Ambiguity (Both Exist)
ကုန်,koun,kou,89,0.73,0.0,Reference Missing from Training Token
အောင်,aun,naun,52,0.904,0.096,Train Data Ambiguity (Both Exist)
စင်,zin,sin,75,0.493,0.44,Train Data Ambiguity (Both Exist)
ထောင်,htaun,daun,65,0.385,0.6,Train Data Ambiguity (Both Exist)
မြီး,mji:,mi:,52,0.423,0.577,Train Data Ambiguity (Both Exist)
ပါး,ba:,ba-,173,0.555,0.139,Train Data Ambiguity (Both Exist)
နည်း,ni:,ne:,80,0.637,0.362,Train Data Ambiguity (Both Exist)
နှင့်,nhin.,ne.,24,0.583,0.417,Train Data Ambiguity (Both Exist)
တောက်,tau',dau',56,0.732,0.268,Train Data Ambiguity (Both Exist)
ချည်,chi,gyi,40,0.7,0.275,Train Data Ambiguity (Both Exist)
ဖက်,hpe',be',98,0.735,0.265,Train Data Ambiguity (Both Exist)
စား,za:,sa:,285,0.498,0.393,Train Data Ambiguity (Both Exist)
ဖက်,hpe',be',98,0.735,0.265,Train Data Ambiguity (Both Exist)
တွင်း,twin:,dwin:,93,0.462,0.516,Train Data Ambiguity (Both Exist)
စာ,za,sa,395,0.337,0.532,Train Data Ambiguity (Both Exist)
ပွင့်,pwin.,bwin.,32,0.625,0.344,Train Data Ambiguity (Both Exist)
ကြီး,gyi:,kyi:,317,0.653,0.338,Train Data Ambiguity (Both Exist)
တ,ta-,da-,520,0.458,0.323,Train Data Ambiguity (Both Exist)
ကင်း,kin:,gin:,72,0.736,0.264,Train Data Ambiguity (Both Exist)
တူ,du,tu,86,0.523,0.453,Train Data Ambiguity (Both Exist)
နည်း,ni:,ne:,80,0.637,0.362,Train Data Ambiguity (Both Exist)
အ,a-,a,3112,0.98,0.008,Train Data Ambiguity (Both Exist)
ညော,ညော,njo:,0,0.0,0.0,Out of Vocabulary (OOV)
ဖုန်း ဆိုး,hpoun: zou:,hpoun: hsou:,0,0.0,0.0,Out of Vocabulary (OOV)
တော,to:,do:,69,0.884,0.116,Train Data Ambiguity (Both Exist)
ပိန်,pein,bein,12,0.417,0.167,Train Data Ambiguity (Both Exist)
တုတ်,tou',dou',31,0.645,0.355,Train Data Ambiguity (Both Exist)
ကူ,gu,ku,53,0.472,0.528,Train Data Ambiguity (Both Exist)
ရဇ်,ရဇ်,ra-,0,0.0,0.0,Out of Vocabulary (OOV)
စပ်,sa',za',115,0.591,0.409,Train Data Ambiguity (Both Exist)
တီ,ti,di,58,0.552,0.448,Train Data Ambiguity (Both Exist)
ဖို,hpou,bou,32,0.5,0.5,Train Data Ambiguity (Both Exist)
ဥ ပ,u. pa-,u. ba-,0,0.0,0.0,Out of Vocabulary (OOV)
ခု,khu.,ga-,56,0.571,0.018,Train Data Ambiguity (Both Exist)
ကျေး,kyei:,gyei:,27,0.926,0.074,Train Data Ambiguity (Both Exist)
ဆွယ်,hswe,hswe:,10,0.8,0.0,Reference Missing from Training Token
အည်း,in:,i:,2,0.5,0.0,Reference Missing from Training Token
ခံ,khan,gan,239,0.628,0.314,Train Data Ambiguity (Both Exist)
ဝါး,wa:,wa-,88,0.739,0.182,Train Data Ambiguity (Both Exist)
ပိုး,pou:,bou:,94,0.66,0.33,Train Data Ambiguity (Both Exist)
ကျယ်,kye,gye,37,0.595,0.351,Train Data Ambiguity (Both Exist)
သျှီ,သျှီ,shi,0,0.0,0.0,Out of Vocabulary (OOV)
စို့,sou.,sou,18,0.556,0.0,Reference Missing from Training Token
တံ ခါး,da- ga:,da- ga-,0,0.0,0.0,Out of Vocabulary (OOV)
ပိတ်,pei',bei',63,0.571,0.413,Train Data Ambiguity (Both Exist)
သန်,than,dhan,58,0.759,0.086,Train Data Ambiguity (Both Exist)
တန်,tan,dan,79,0.658,0.165,Train Data Ambiguity (Both Exist)
ရေ,jei,rei,390,0.949,0.028,Train Data Ambiguity (Both Exist)
စံ,san,zan,37,0.595,0.243,Train Data Ambiguity (Both Exist)
တုတ်,tou',dou',31,0.645,0.355,Train Data Ambiguity (Both Exist)
သေ,dhei,thei,151,0.225,0.682,Train Data Ambiguity (Both Exist)
ဒ သ က,da. tha- ka.,da' tha- ka.,0,0.0,0.0,Out of Vocabulary (OOV)
တ,ta-,da-,520,0.458,0.323,Train Data Ambiguity (Both Exist)
စိ,si.,zi.,64,0.859,0.125,Train Data Ambiguity (Both Exist)
ကုံး,goun:,koun:,11,0.545,0.455,Train Data Ambiguity (Both Exist)
တ ရ,da- ra.,ta. ja.,0,0.0,0.0,Out of Vocabulary (OOV)
က,ka-,ka.,572,0.372,0.192,Train Data Ambiguity (Both Exist)
ပတ်,pa',ba',125,0.584,0.4,Train Data Ambiguity (Both Exist)
ကွင်း,gwin:,kwin:,65,0.646,0.354,Train Data Ambiguity (Both Exist)
ခြေ ချင်း,chi gyin:,chei gyin:,0,0.0,0.0,Out of Vocabulary (OOV)
ဆန်း,hsan:,zan:,18,0.778,0.222,Train Data Ambiguity (Both Exist)
လျဉ်း ပါး,jin: ba:,la-jin: ba:,0,0.0,0.0,Out of Vocabulary (OOV)
ချို,chou,gyou,38,0.526,0.474,Train Data Ambiguity (Both Exist)
ကွက်,gwe',kwe',70,0.343,0.657,Train Data Ambiguity (Both Exist)
လင်း တ မှိုင် မှိုင်,lin: da. mhain mhain,la- da. mhain mhain,0,0.0,0.0,Out of Vocabulary (OOV)
ဝါ ဖတ်,wa hpa-,wa hpa',0,0.0,0.0,Out of Vocabulary (OOV)
တောင်,taun,daun,101,0.693,0.287,Train Data Ambiguity (Both Exist)
သံ,than,dhan,208,0.822,0.168,Train Data Ambiguity (Both Exist)
စွယ်,swe,zwe,22,0.591,0.409,Train Data Ambiguity (Both Exist)
ခုံ,khoun,goun,58,0.569,0.345,Train Data Ambiguity (Both Exist)
စွယ်,zwe,zwe.,22,0.409,0.0,Reference Missing from Training Token
ဥစ် စာ,ou' sa,ou' sa-,0,0.0,0.0,Out of Vocabulary (OOV)
ဆိုင်,hsain,zain,54,0.593,0.389,Train Data Ambiguity (Both Exist)
ထန်း ရည်,hta- jei,hta- ji,0,0.0,0.0,Out of Vocabulary (OOV)
ကြပ်,kya',gya',26,0.808,0.154,Train Data Ambiguity (Both Exist)
ကောင်း,kaun:,gaun:,95,0.653,0.347,Train Data Ambiguity (Both Exist)
မ,ma-,ma.,773,0.696,0.288,Train Data Ambiguity (Both Exist)
ပ ဋိ,pa- ti.,pa- ti,0,0.0,0.0,Out of Vocabulary (OOV)
ဆန်,hsan,za-,91,0.703,0.088,Train Data Ambiguity (Both Exist)
ကွဲ,kwe:,gwe:,57,0.526,0.439,Train Data Ambiguity (Both Exist)
ကွင်း,gwin:,kwin:,65,0.646,0.354,Train Data Ambiguity (Both Exist)
သ,tha.,tha-,638,0.108,0.48,Train Data Ambiguity (Both Exist)
ကုန်,koun,goun,89,0.73,0.258,Train Data Ambiguity (Both Exist)
ခွက်,khwe',gwe',51,0.588,0.412,Train Data Ambiguity (Both Exist)
ယောက် မ,jau' ma.,jaun: ma.,0,0.0,0.0,Out of Vocabulary (OOV)
ကျောင်း,gyaun:,kyaun:,56,0.339,0.661,Train Data Ambiguity (Both Exist)
တို့,dou.,tou.,24,0.542,0.458,Train Data Ambiguity (Both Exist)
ဒါ ယိ ကာ မ,da ja- ka ma.,da ji. ka ma.,0,0.0,0.0,Out of Vocabulary (OOV)
ပန်း,pan:,ban:,187,0.588,0.316,Train Data Ambiguity (Both Exist)
ခံ,khan,gan,239,0.628,0.314,Train Data Ambiguity (Both Exist)
ရ,ra-,ja.,358,0.193,0.411,Train Data Ambiguity (Both Exist)
မြင်,mjin,mji,42,0.976,0.0,Reference Missing from Training Token
ဝါး,wa:,nwa:,88,0.739,0.057,Train Data Ambiguity (Both Exist)
ညှာ,njha,ngha,5,1.0,0.0,Reference Missing from Training Token
ဆွဲ,hswe:,zwe:,74,0.676,0.257,Train Data Ambiguity (Both Exist)
သ မား,tha- ma:,tha- ma-,0,0.0,0.0,Out of Vocabulary (OOV)
ကျ,kya.,gya.,222,0.734,0.221,Train Data Ambiguity (Both Exist)
တည်,ti,di,61,0.623,0.082,Train Data Ambiguity (Both Exist)
ဖက်,hpe',be',98,0.735,0.265,Train Data Ambiguity (Both Exist)
အဇ်,အဇ်,i',0,0.0,0.0,Out of Vocabulary (OOV)
ဈတ်,ဈတ်,za',0,0.0,0.0,Out of Vocabulary (OOV)
ဆုံး,hsoun:,zoun:,38,0.684,0.316,Train Data Ambiguity (Both Exist)
စီး,zi:,si:,82,0.427,0.561,Train Data Ambiguity (Both Exist)
တင်း,tin:,din:,88,0.5,0.489,Train Data Ambiguity (Both Exist)
ရည်,jei,ji,158,0.595,0.392,Train Data Ambiguity (Both Exist)
သေ,dhei,thei,151,0.225,0.682,Train Data Ambiguity (Both Exist)
ခြေ ချော် လက် ချော်,chi gyo le' gyo,chei gyo le' gyo,0,0.0,0.0,Out of Vocabulary (OOV)
ထိုး,htou:,dou:,167,0.814,0.174,Train Data Ambiguity (Both Exist)
ခဲ,ge:,khe:,82,0.415,0.561,Train Data Ambiguity (Both Exist)
ကြိ,ka-,kyi.,3,0.667,0.0,Reference Missing from Training Token
တိ,ti.,di.,164,0.634,0.287,Train Data Ambiguity (Both Exist)
ရာဇ်,ji',ri,12,0.917,0.0,Reference Missing from Training Token
ဆက်,hse',ze',72,0.736,0.25,Train Data Ambiguity (Both Exist)
သက် က,the' ka-,dha- ga-,0,0.0,0.0,Out of Vocabulary (OOV)
ရ သ,ja. tha.,ra tha.,0,0.0,0.0,Out of Vocabulary (OOV)
ခံ,khan,gan,239,0.628,0.314,Train Data Ambiguity (Both Exist)
ပန်း,pan:,ba-,187,0.588,0.091,Train Data Ambiguity (Both Exist)
ပု,pa-,bu.,75,0.48,0.027,Train Data Ambiguity (Both Exist)
တွဲ,twe:,dwe:,34,0.618,0.382,Train Data Ambiguity (Both Exist)
ထိန်း,dein:,htein:,20,0.5,0.45,Train Data Ambiguity (Both Exist)
ထိမ်,htein,dein,4,0.75,0.25,Train Data Ambiguity (Both Exist)
ဖျား,hpja:,bja:,46,0.652,0.326,Train Data Ambiguity (Both Exist)
စံ,san,zan,37,0.595,0.243,Train Data Ambiguity (Both Exist)
ခွက်,khwe',gwe',51,0.588,0.412,Train Data Ambiguity (Both Exist)
ကျို့,ကျို့,kyou.,0,0.0,0.0,Out of Vocabulary (OOV)
ပန်း,ban:,pan:,187,0.316,0.588,Train Data Ambiguity (Both Exist)
ခံ,khan,gan,239,0.628,0.314,Train Data Ambiguity (Both Exist)
သေဋ် ဌေး,thi' htei:,tha- htei:,0,0.0,0.0,Out of Vocabulary (OOV)
နည်း,ni:,ne:,80,0.637,0.362,Train Data Ambiguity (Both Exist)
နွား,nwa:,na-,43,0.419,0.558,Train Data Ambiguity (Both Exist)
မြီး,mji:,mhi:,52,0.423,0.0,Reference Missing from Training Token
တန်,tan,da-,79,0.658,0.177,Train Data Ambiguity (Both Exist)
သ,tha-,dha-,638,0.48,0.361,Train Data Ambiguity (Both Exist)
ပြည့်,pji.,pjei.,53,0.264,0.415,Train Data Ambiguity (Both Exist)
ခေါက်,khau',gau',48,0.938,0.062,Train Data Ambiguity (Both Exist)
နီ,ni,na-,86,0.965,0.012,Train Data Ambiguity (Both Exist)
ပြုံး,pjoun:,bjoun:,10,0.7,0.3,Train Data Ambiguity (Both Exist)
ဆောင်,hsaun,zaun,78,0.654,0.308,Train Data Ambiguity (Both Exist)
နံ့ သာ,na- tha-,nan. dha,0,0.0,0.0,Out of Vocabulary (OOV)
က,ka.,ga.,572,0.192,0.038,Train Data Ambiguity (Both Exist)
စည်,si,zi,32,0.5,0.438,Train Data Ambiguity (Both Exist)
သိပ်,thei',dhei',19,0.842,0.158,Train Data Ambiguity (Both Exist)
တ ရ,da- la-,da- ra-,0,0.0,0.0,Out of Vocabulary (OOV)
မ,ma-,ma.,773,0.696,0.288,Train Data Ambiguity (Both Exist)
မှု,mhu.,mhu,87,0.989,0.0,Reference Missing from Training Token
စုံ,zoun,soun,66,0.485,0.515,Train Data Ambiguity (Both Exist)
ပျဉ်း,bjin:,pjin:,9,0.556,0.444,Train Data Ambiguity (Both Exist)
က,ka-,ga-,572,0.372,0.36,Train Data Ambiguity (Both Exist)
ဆွဲ,hswe:,zwe:,74,0.676,0.257,Train Data Ambiguity (Both Exist)
ပြုတ် ပြုတ် ပြုန်း,pjou' pjou' pjoun:,pjou' pjou' bjoun:,0,0.0,0.0,Out of Vocabulary (OOV)
စီး,zi:,si:,82,0.427,0.561,Train Data Ambiguity (Both Exist)
ဆိမ်,ဆိမ်,zein,0,0.0,0.0,Out of Vocabulary (OOV)
ရာ ဇ,ja za-,ja za.,0,0.0,0.0,Out of Vocabulary (OOV)
ဝိ,wi.,wei',43,0.837,0.0,Reference Missing from Training Token
ပျော်,pjo,bjo,11,1.0,0.0,Reference Missing from Training Token
ပျော်,pjo,bjo,11,1.0,0.0,Reference Missing from Training Token
သား,dha:,dha-,284,0.482,0.014,Train Data Ambiguity (Both Exist)
စား,za:,sa:,285,0.498,0.393,Train Data Ambiguity (Both Exist)
ကြီး,gyi:,kyi:,317,0.653,0.338,Train Data Ambiguity (Both Exist)
ချွဲ,chwe:,chwe.,14,0.929,0.0,Reference Missing from Training Token
ကြက် ပေါင် စေး,kye' paun zi:,kye' paun zei:,0,0.0,0.0,Out of Vocabulary (OOV)
စာ ရင်း,sa- jin:,za- jin:,0,0.0,0.0,Out of Vocabulary (OOV)
ပီ,pi,bi,23,0.87,0.13,Train Data Ambiguity (Both Exist)
ပူ,pu,bu,69,0.623,0.362,Train Data Ambiguity (Both Exist)
သွမ်း,thwan:,dhwan:,6,0.667,0.333,Train Data Ambiguity (Both Exist)
ချုပ်,chou',gyou',94,0.543,0.457,Train Data Ambiguity (Both Exist)
ဝမ်း,wan:,wa-,119,0.529,0.008,Train Data Ambiguity (Both Exist)
လျား,lja:,ja:,28,0.357,0.643,Train Data Ambiguity (Both Exist)
စွန်,zun,sun,23,0.696,0.304,Train Data Ambiguity (Both Exist)
တိုင်,dain,tain,103,0.573,0.417,Train Data Ambiguity (Both Exist)
ငါး မျှား,nga- mhja:,nga: mhja:,0,0.0,0.0,Out of Vocabulary (OOV)
ပြည့်,pjei.,pji:,53,0.415,0.0,Reference Missing from Training Token
ထေရ်,htei,hti,6,0.833,0.167,Train Data Ambiguity (Both Exist)
ဂစ်,ဂစ်,gi',0,0.0,0.0,Out of Vocabulary (OOV)
ဖြေ,hpjei,bjei,19,0.895,0.105,Train Data Ambiguity (Both Exist)
ယိန်,ယိန်,jein,0,0.0,0.0,Out of Vocabulary (OOV)
ဒြေ,da- rei,da-,2,0.0,1.0,Decoder Hallucination / Over-generalization
အဲ့,အဲ့,e.,0,0.0,0.0,Out of Vocabulary (OOV)
အဲ့,အဲ့,e.,0,0.0,0.0,Out of Vocabulary (OOV)
သ,tha-,dha-,638,0.48,0.361,Train Data Ambiguity (Both Exist)
ပေါ့,po.,bo.,24,0.625,0.375,Train Data Ambiguity (Both Exist)
ကောင်း,kaun:,gaun:,95,0.653,0.347,Train Data Ambiguity (Both Exist)
အုန်,အုန်,ou,0,0.0,0.0,Out of Vocabulary (OOV)
အောက်,au',nau',54,0.981,0.019,Train Data Ambiguity (Both Exist)
ပြ,pja.,bja.,90,0.656,0.189,Train Data Ambiguity (Both Exist)
ချို,chou,gyou,38,0.526,0.474,Train Data Ambiguity (Both Exist)
သက် က ရာဇ်,the' ka- ji',dha- ga- ji',0,0.0,0.0,Out of Vocabulary (OOV)
ဆန်,zan,hsan,91,0.176,0.703,Train Data Ambiguity (Both Exist)
သား,dha:,tha:,284,0.482,0.433,Train Data Ambiguity (Both Exist)
ချို,chou,gyou,38,0.526,0.474,Train Data Ambiguity (Both Exist)
တည်,ti,te,61,0.623,0.246,Train Data Ambiguity (Both Exist)
နှင့်,nhin.,ne.,24,0.583,0.417,Train Data Ambiguity (Both Exist)
ငေါ,ငေါ,ngo:,0,0.0,0.0,Out of Vocabulary (OOV)
ငေါ,ငေါ,ngo:,0,0.0,0.0,Out of Vocabulary (OOV)
စစ်,si',zi',159,0.887,0.113,Train Data Ambiguity (Both Exist)
ကန်း,gan:,kan:,44,0.591,0.364,Train Data Ambiguity (Both Exist)
က,ga-,ka-,572,0.36,0.372,Train Data Ambiguity (Both Exist)
မ,ma.,ma-,773,0.288,0.696,Train Data Ambiguity (Both Exist)
ကျီ,gyi,kyi,21,0.81,0.19,Train Data Ambiguity (Both Exist)
ကြော,gyo:,kyo:,57,0.456,0.526,Train Data Ambiguity (Both Exist)
ဝါး,wa:,wa-,88,0.739,0.182,Train Data Ambiguity (Both Exist)
တင်,tin,din,156,0.75,0.25,Train Data Ambiguity (Both Exist)
သား,dha:,tha:,284,0.482,0.433,Train Data Ambiguity (Both Exist)
အ ရိပ်,a- jei',a- jei,0,0.0,0.0,Out of Vocabulary (OOV)
ကြက်,kye',gye',78,0.936,0.064,Train Data Ambiguity (Both Exist)
ပူ,pu,bu,69,0.623,0.362,Train Data Ambiguity (Both Exist)
ဘ,ba-,ba.,78,0.577,0.346,Train Data Ambiguity (Both Exist)
ထွေး,htwei:,dwei:,25,0.6,0.4,Train Data Ambiguity (Both Exist)
ပူ,bu,pu,69,0.362,0.623,Train Data Ambiguity (Both Exist)
ခံ,khan,gan,239,0.628,0.314,Train Data Ambiguity (Both Exist)
ထပ်,hta',da',46,0.761,0.239,Train Data Ambiguity (Both Exist)
သ,tha.,dha.,638,0.108,0.024,Train Data Ambiguity (Both Exist)
နာ မည်,nan me,na mji,0,0.0,0.0,Out of Vocabulary (OOV)
ခံ,khan,gan,239,0.628,0.314,Train Data Ambiguity (Both Exist)
ပုန်း,boun:,poun:,33,0.515,0.485,Train Data Ambiguity (Both Exist)
သ က,tha- ka.,tha- ka-,0,0.0,0.0,Out of Vocabulary (OOV)
ရိုက်,jai',rai',60,0.933,0.067,Train Data Ambiguity (Both Exist)
လျော်,ljo,jo,18,0.222,0.667,Train Data Ambiguity (Both Exist)
ဏေး,ဏေး,nei:,0,0.0,0.0,Out of Vocabulary (OOV)
မန်း ရည်,man: jei,man: jein,0,0.0,0.0,Out of Vocabulary (OOV)
ငန်း,ngan:,gan:,24,1.0,0.0,Reference Missing from Training Token
ရည်,ji,jei,158,0.392,0.595,Train Data Ambiguity (Both Exist)
စွန်း,sun:,zun:,31,0.548,0.452,Train Data Ambiguity (Both Exist)
ပါး,pa:,pa-,173,0.214,0.087,Train Data Ambiguity (Both Exist)
သန့်,than.,dhan.,13,0.769,0.231,Train Data Ambiguity (Both Exist)
တုံး,toun:,doun:,57,0.474,0.526,Train Data Ambiguity (Both Exist)
ပျက်,bje',pje',60,0.267,0.733,Train Data Ambiguity (Both Exist)
ကမ်း ပါး,ga- ba:,kan: ba:,0,0.0,0.0,Out of Vocabulary (OOV)
ဝါး,wa:,wa-,88,0.739,0.182,Train Data Ambiguity (Both Exist)
ပိုး,pou:,bou:,94,0.66,0.33,Train Data Ambiguity (Both Exist)
ဆွမ်း,hsun:,zun:,51,0.569,0.039,Train Data Ambiguity (Both Exist)
တ ရား,ta- ja:,ta- ja-,0,0.0,0.0,Out of Vocabulary (OOV)
ကူး,ku:,gu:,55,0.673,0.236,Train Data Ambiguity (Both Exist)
တောင်,taun,daun,101,0.693,0.287,Train Data Ambiguity (Both Exist)
ထိန်း,htein:,dein:,20,0.45,0.5,Train Data Ambiguity (Both Exist)
စက်,se',ze',135,0.748,0.237,Train Data Ambiguity (Both Exist)
