text,label
ကံကောင်းလိုက်တာ ကလေးရယ် အားလုံး အဆင်ပြေပါစေ,1
ကန္တာရဆန်သော လွင်ပြင်ကို ကျွန်တော်လည်း တစ်ယောက်ထဲ ငေးရတာ ကြောက်ပါတယ်,4
ကပ်ကြီးသုံးပါး ကျော်လွှားနိုင်ကြပါစေ ,2
ကဗျာလေးတွေဆိုကြမယ်​လေ,1
ကမ္ဘာကပျက်တော့‌မှာပါမကြာတော့ပါဘူး,4
ကမ္ဘာကြီးကနယ်ချဲ့တွေကို ရင်ဆိုင်နေရပြီ,4
ကမ္ဘာမြေကြီးရဲ့ တစ်ဖက်ခြမ်းကနေ အခြားတစ်ဖက်ခြမ်းကို မိနစ် ၄၀ ကျော်နဲ့ ရောက်နိုင်တယ်ဆိုရင် သင်ယုံမလား,5
ကမ်းခြေမှာ လမ်းလျှောက်ရတာ အရမ်းကောင်းတယ်,1
ကျနော်တို့ အကြောက်တရားတွေ  သံသယတွေ  သူများတွေငါ့ကိုဘယ်လိုထင်မလဲဆိုတဲ့ စိတ်တွေ ဒါတွေကို ကျော်လွှားဖို့လိုပါတယ်,4
ကျန်းမာရေး ဂရုစိုက်ကွာ,2
ကျန်းမာရေး မကောင်းလာကြတော့မှ ဘယ်လိာအရာတွေ ဘယ်လောက်ပဲ ကောင်းတာတွေရှိရှိ ဘဝဟာ ဘာအဓိပ္ပါယ်မှ မရှိတော့ပါဘူး,4
ကျပ်မပြည့်ဘူး စကားတွေက,3
ကျွန်တော်က စိတ်မာပါတယ် ဒါပေမယ့် သံယောဇဉ်ကိုတော့ကြောက်တယ်,4
ကျွန်တော် ငိုယိုနေသည်ကို မြင်ရလျှင် သဘောကျဟန်ရှိ၏,3
ကျွန်တော်တို့ မဆက်သွယ်ဘဲနေရအောင်,0
ကျွန်တော် တော်တော် စိတ်မကောင်းဖြစ်ရပါတယ်,0
ကျွန်တော့်မျက်နှာကို ထောက်ဖျောက်ပြောတာ ခွင့်မလွှတ်နိုင်ဘူး,3
ကျွန်တော်ရဲ့ တနေ့ တာဖျတ်သန်းမူ့ကတော့ ချစ်ညီ လေးတွေ နဲ့ ပျော်ပျော် ရွှင်ရွှင်ပါပဲ,1
ကျွန်တော်အဲ့တာကြီးမြင်တော့ အံ့ဩသွားသေးတယ်,5
ကျေးဇူးရှိသောချစ်ကိုကြီး ကောင်းကျိုးလိုရာမှန်သမျှပြည့်ပါစေ,1
ကျေးဇူးအများကြီးတင်ပါတယ်ရှင့်,1
ကျောင်းကြီးကို ကြောက်သည်နှင့် ဆရာကိုပါ ရော၍ ကြောက်ခြင်းဖြစ်ဟန်တူပါသည်,4
ကျောင်းမသွားချင်လို့ဒါပြီးဘာလုပ်မှာလဲပဲ မေးနေတာ ချစ်လိုက်တာနော်,2
ကျောင််းချိန်လွန်သွားသောအခါတွင် အရိုက်ခံရမည်ကို ကြောက်သည်နှင့် ကျောင်းပြေးဖို့ ဆုံးဖြတ်လိုက်ကြသည်,4
ကြက်သတုန်းမျိုး စောစောစီးစီး,3
ကြည့်နေရင်း မျက်ရည်မထိန်းနိုင်ဘူး ထက်တူခံစားရပါတယ်,0
ကြည့်ရတာ ကြောက်စရာကြီး,4
ကြည့်ရတာ အဘ ခြောက်များခြောက်နေသလား,1
ကြမ်းတယ်ဟ စိတ်ကုန်သွားတဲ့ထိ ၀ဋ်ခံလိုက် စိတ်ကုန်သွားတဲ့ခါကျ သတ်ပါမယ် ဆိုရင်တောင် ပြန်မတွဲချင်တော့ဘူး,3
ကြွားချင်လို့ဆိုပြီးချေချတာအေကြိုက်ရော,1
ကြားထဲက တစ်နိုင်ငံလုံး ဒုက္ခရောက် နှလုံးရောဂါရအောင် မလုပ်ကြနဲ့,4
ကြာလေချစ်စရာကောင်းပီးဘာလေးဝတ်ဝတ်လိုက်ဖက်ကြည့်ကောင်းလာသောထိပ်ကလေး,2
ကြိုးစားခဲ့တဲ့ ရလဒ်ကောင်းတွေ ရလာတယ်,1
ကြိုးစားမကြည့်တော့ဘဲ လက်လျော့ဖို့ အရင်တွေးတတ်တဲ့သူလား,4
ကြိုမှန်းထားခဲ့ပေမယ့် သူငယ်ချင်းကောင်းတစ်ယောက် ဆုံးရှုံးလိုက်ရလို့ တကယ် စိတ်မကောင်းဘူး,0
ကြိုရယ်ထားမယ်မကြည့်ရသေးဘူး,1
ကြောက်စရာကြီး,4
ကြောက်စရာဘဲ..အန္တရာယ်သိပ်များတယ်,4
ကြောက်လွန်းလို့ တုန်နေပြီ,4
ကြောက်လိုက်တာ,4
ကြောက်လို့ သေတော့မယ်,4
ကြောင်တောင်တောင်ဖြစ်နေတဲ့ ကိုယ်လည်း အာ့လိုလေး ပြန်ဖြတ်သန်းချင်လိုက်တာ,0
ကလေးနဲ့သင့်တဲ့စာသားလေးမို့အားပေးနေပါတယ်,1
ကလေးသူငယ်များကို ငိုအောင် ကျီစားချင်တတ်သူများအား ရန်သူသဖွယ် အမြင်ကပ်လှပါသည်,3
ကားတိမ်းမှောက်မှု ဖြစ်စဉ်ကို မပျံ့နှံ့စေရန် ခရီးစဉ်မှာပါတဲ့ ဧည့်သည်တွေကို တဖက်လှည့်ဖြင့် ခြိမ်းခြောက်,4
ကားတိုက်ခံရမှာ စိုးရိမ်ပြီး လမ်းကူးရတာ ကြောက်တယ်,4
ကားပိတ်တာ တော်တော် စိတ်တိုဖို့ကောင်းတာပဲ,3
ကားအမြန်မောင်းနေရင် ဘရိတ်မမိတော့မှာ တွေးပူပြီး အရမ်းကြောက်တယ်,4
ကိုကို့ကို တစ်သက်လုံးရစ်ပတ်ထားနိုင်တဲ့ နွယ်ပင်လေးဖစ်ချင်တယ်,2
ကိုကိုယ်တိုင်လဲလမ်းပျောက်နေလို့ ဘလိုအကြံပေးရမလဲတောင်မသိဘူး,0
ကိုညောင်ညောင် သတင်းကြောင့် အံဩခဲ့ရတယ်,5
ကိုယ်ကတော့ ဆက်မချစ်ရဲတော့တာ သူ့လိုလူမျိုးနဲ့ရှေ့မဆက်နိုင်တော့တာ ဘယ်လိုမှလမ်းခွဲမပေး မလွှတ်ပေးပဲ ခြိမ်းခြောက်အကြပ်ကိုင်ထားလို့ ဒီလိုပဲနေ့ရက်တွေ ရှေ့ဆက်နေရတာပါ ဝဋ်ကြွေးမကုန်သရွေ့ ဆပ်နေရအုံးမယ်,4
ကိုယ်ကတော့ ရှင်းပါတယ် တစ်ယောက်တည်းနေပျော်ပြီ ဘာမှစိတ်မရှုပ်ရတာကိုပဲ ကျေနပ်နေပြီ,2
ကိုယ်ကတော့ဝမ်းနည်းစရာရှိလာလဲငိုလိုက်တယ်ပြီးရင်စိတ်ပေါ့ပါးသွားတယ်,0
ကိုယ်ကရင်ဘက်နဲ့ပေါင်းတယ်သူတို့က ကိုယ့်ကိုခြေထောက်နဲ့ပြန်ကန်သွားတယ်,3
ကိုယ်ကလည်း အချိုးမပြေရင် တစ်စက်ကလေးမှ မပက်သက်ချင်ဘူး တကယ် စိတ်တို,3
ကိုယ့်ကို ခွင့်မတောင်းဘဲ သူတို့ရဲ့ ပြဿနာတွေ ဒဏ်ရာတွေကို ကိုယ့်အပေါ်အကုန်လာပုံချတာမျိုး,3
ကိုယ့်ကို စိတ်အေးချမ်းမှုပေးတဲ့သူ ကူညီဖေးမတတ်တဲ့ သူတွေနဲ့ အချိန်ပိုပေးပြီး စိတ်ရှုပ်စရာကောင်းတဲ့ သူတွေနဲ့ ခပ်ကင်းကင်းနေဖို့ သတ်မှတ်ဖို့ ဆိုတာ မာနကြီးတာ မဟုတ်ဘဲ ကိုယ့်ရဲ့ ဦးနှောက်နဲ့ ကျန်းမာရေးကို ကာကွယ်တာ ဖြစ်ပါတယ်,2
ကိုယ့်ကိုယ်ကိုယ် ဝေဖန်ပြစ်တင်ပြောဆိုနေတတ်ကြတာမျိုးလည်း ရှိပါတယ်,3
ကိုယ့်ကိုယ်ကိုယ် အသုံးမကျဘူးလို့ ထင်မိတာက အဆိုးဆုံးပဲ,0
ကိုယ့်ကို သည်းမခံနိုင်တဲ့အထိ ဖြစ်သွားအောင် သွယ်ဝိုက်ပြီး စောင်းမြောင်းပြောနေတာမျိုး,3
ကိုယ့်ကို အမြဲ နားလည်ပေးလို့ ကျေးဇူးအများကြီးတင်ပါတယ် ချစ်သူ,2
ကိုယ့်ချစ်သူက အဲ့လိုတွေလုပ်တဲ့အခါ ပိုခံစားရတယ် ‌ကိုယ်နဲ့တွဲနေတဲ့သူဆိုတော့ မျှော်လင့်ချက်ခနခနပြန်ထားမိတယ် အဲ့တာကြောင့်လဲ ခနခန နာကျင်ရတာ,0
ကိုယ်စိတ်နှလုံးသုံးပါးလုံး​​အေးချမ်းသာယာပြီးသက်ရှည်ကျန်းမာပါ​စေအငယ်ဆုံးညီမ​လေး... ,1
ကိုယ့်ဆီနောက်ကျမှ ဝင်လာခဲ့သော်လည်း ကိုယ့်ကိုယ်ကိုယ် အကောင်းဆုံးလူလို့ တွေးထင်မိစေတဲ့အပြင် ချစ်ခြင်းမေတ္တာဆိုတာ ဒါပဲဆိုပြီး သင်ပြပေးနေတဲ့ မင်းကိုငါတကယ်ကျေးဇူးတင်တယ်,1
ကိုယ် တစ်သက်လုံး မကြုံရတော့ဘူးလို့ ထင်ထားတဲ့ ကောင်းမွန်မှုတွေကို မင်းဆီမှာတွေ့ခဲ့ရတယ်,5
ကိုယ်တိုင်လဲကြုံဖူးတယ် ဘယ်လိုမှရုန်းထွက်မရ နောက်ဆုံးသူ့ဘက်ကဘေလာ့သွားမှပဲ ဒီကောင်မကြီးနေနိုင်တော့တယ်,4
ကိုယ့်နိုင်ငံကိုသနားလိုက်တာဗျာ ကိုယ့်နိုင်ငံဖြစ်ပေမယ့် ကိုယ့်နိုင်ငံကိုမပိုင်ကြတာတော့ရင်နာဖို့ကောင်းလိုက်တာဗျာ,0
ကိုယ်ပိုင်ကားနဲ့မသွားရ တက်စီငှားသွားတော့ ဆီကုန်ကျမှု့ဘာများကွာသွားလို့လဲ အပိုငွေကုန်ကျစရိတ်များလာတာပဲအဖတ်တင်လိမ့်မယ်လို့ အုပ်ချုပ်သူလူကြီးမင်းများ မတွေးမိ အလွန်အံ့ဩမိပါကြောင်း,5
ကိုယ့်ဖက်ကတာမကောင်းပေးနိုင်တော့ရင်ဘယ်သူမှအနားမှာမရှိတော့ဖူး,0
ကိုယ့်ဘဝရဲ့ ကျန်ရှိတဲ့ အချိန်တွေကို မင်းနဲ့ပဲ ကုန်ဆုံးချင်တယ်,2
ကိုယ့်ဘဝလိုပဲ ကြောင်ပျောက် ,0
ကိုယ့်ဘေးနားကလူတွေကို တစ်နေ့နေ့ ကိုယ့်ကိုနုတ်မဆက်ပဲ အလျှိုလျှိုထွက်သွား နေကြပြီ,0
ကိုယ်မမီခဲ့တဲ့ အချိန်တွေကို ပြန်ရောက်သွားသလိုပါပဲ ကောင်းလိုက်တာ,2
ကိုယ့်မေတ္တာကကြ သူပြုံးပျော်နေတာလဲ ပဲလိုချင်တယ်,2
ကိုယ့်ရဲ့ ကမ္ဘာလေးထဲမှာ မင်းက အလှဆုံး ပန်းလေးတစ်ပွင့်ပါပဲ,2
ကိုယ့်ရဲ့ ကလေးလေး စိတ်မကောက်နဲ့တော့နော် ချစ်လို့ပါ,2
ကိုယ့်ရဲ့ အနာဂတ် အစီအစဉ်တိုင်းမှာ မင်းက အမြဲတမ်း ပါဝင်နေပါတယ်,2
ကိုယ်ဝါသနာပါတဲ့ အလုပ်ကို လုပ်ရတာ တကယ်ကို ကျေနပ်စရာပဲ,1
ကိုယ်သင်ပေးလိုက်တဲ့သူက ပြောင်းလဲသွားတာတွေ ချီးကျူးခံနေရတာမျိုးဆို အရမ်းကိုပျော်တာပါ,1
ကိုယ့်အတွင်းက လေးလံမှုတချို့ကိုတော့ နည်းနည်းချင်းစီ ဖြေလျော့စေရင်း ပေါ့ပါးမှုရှိတဲ့ နေရာဆီ အားအင်တွေပြန်လည်ဖြည့်တင်းနိုင်တဲ့ နေရာလေးဆီ ပြန်လည်ရောက်ရှိသွားနိုင်ပါတယ်,1
ကိုယ့်အပေါ်မကောင်းမှန်းသိသိကြီးနဲ့ ကိုယ့်ကိုသူ့ဘက်ကမဆွဲထားမှန်းသိသိကြီးနဲ့ တခါလောက်ကောင်းပေးတာကို မေ့မရဖြစ်ပြီး ရုန်းမထွက်နိုင်တာ ကိုယ့်ကိုမချစ်တော့တာကိုသိရဲ့နဲ့ ချစ်ပါတယ်ဆိုပြီးကိုယ့်ကိုယ်ကိုလိမ်နေတာ ဝဋ်ပဲထင်ပါတယ်,4
ကိုယ့်အသည်းလေးကတော့ ဘယ်အချိန်ကြည့်ကြည့် လှနေတာပဲ,2
ကို့အတွက် လုံလောက်ပြည့်စုံတယ် ချစ်ရေ,2
ကုန်စျေးနှုန်းတွေကြည့်ပြီးရှေ့ရေးကိုစိတ်ပူလိုက်တာ,4
ကူညီကြပါဦး,4
ကူညီပါ့မယ်,2
ကောင်းလိုက်တာ,1
ကောင်းလိုက်တာ ဆရာ အသိတိုးလို့ အဖိုးတန်လှပါတယ် ကျေးဇူးပါ,1
ကောင်လေးက ရုတ်တရက်ဆုံးသွားလို့ပါရှင့် အဖြစ်အပျက်တွေက မြန်မြန်ဆန်ဆန်မလို့ ဖြေမဆညိနိုင်ပါဘူး လူလည်း မျက်ရည်နဲ့ မျက်ခွက်နဲ့ပါ,0
ကောင်းသောမိတ်ဆွေဆုံးရှုံးလိုက်ရတာ ဘာမှ ပြောမဆိုနိုင်ဘူး,0
ကောင်းသောသတင်းကြားရတဲ့ နေ့ပါ,1
ခက်ခဲတဲ့အတိတ်တွေကို ကျော်ဖြတ်ပြီး ​ကိုယ့်ကိုယ်ကိုယ် ပြန်ရှာတွေ့ဖို့ဆိုတာ ကမ္ဘာပေါ်မှာ အခက်ခဲဆုံး အလုပ်တစ်ခုပဲ  ဂုဏ်ယူပါတယ်အမရေ,1
ခဏဆုံခဲ့တယ်လို့ဘဲ ထားကြရအောင်,0
ခမ်းနားလိုက်တာနော်,1
ချစ်ခြင်းတစ်ခုတည်းနဲ့ဘဲ မတည်မြဲနိုင်ပါဘူး,0
ချစ်ခြင်းမေတ္တာရဲ့ နောက်ထပ်ပုံစံတစ်မျိုးက ကိုယ့်ကို စိတ်ဝင်တစားရှိတာပါတဲ့,2
ချစ်စရာကြီးရုပ်က ,2
ချစ်စရာကောင်းသော အသက်ဘယ်လောက်ရှိပြီလဲ,2
ချစ်တယ်အမေ ကြိုဆိုပါတယ်ရှင်,1
ချစ်တာဒီသုံးကောင်ကို လာခိုးတော့မှာ,2
ချစ်တိုင်းလဲမညား အသံကြီးထွက်လာမှ ငါအော်ရယ်မိ,1
ချစ်တဲ့အခါ ချစ်ကြောင်းပြောပြီ ချစ်တာလေးတွေလဲပြဖို့လိုတယ်နော်,2
ချစ်နေပါရက်နဲ့လည်းရှေ့တိုးလို့မရတဲ့အခြေအနေတွေမှာတိတ်ဆိတ်နေရတာပါဘဲလေ,0
ချစ်နဲ့မှ အဲ့ခံစားချက်ဖြစ်နေတာ,2
ချစ်ပီးသားမို့ မပြစ်မမြင်ပါဘူး,2
ချစ်ဖိုကောင်လိုက်တာသားသားရယ်,2
ချစ်ရသူ ဆုံးသွားတဲ့နောက် ဘာမှ မပျော်နိုင်တော့ဘူး,0
ချစ်ရသူနဲ့ ဝေးရတာ ရင်ထဲမှာ နာကျင်တယ်,0
ချစ်သူနဲ့ ပြန်ဆုံရတာ ဝမ်းသာတယ်,1
ချစ်သူပြောသမျှကိုယ်ကြားလိုက်ရတဲ့အခိုက်အတန့်လေးမှာတောင်ကိုယ့်ရဲ့ရင်မှာဝမ်းသာကြည်နူးမှုအပြည့်နဲပြောမပြတတ်အောင်ဖြစ်ရပါတယ်ချစ်ရသူရယ်,2
ချစ်သူလေး အိပ်ရာဝင်ရင် ဂရုစိုက်ပြီး အိပ်ပါဦးနော်,2
ချောတာကလေမျက်နှာမလွှဲနိုင်အောင်ကိုအကြည့်ခံတာ သူ့မျက်နှာထိုင်ကြည့်ပြီး စာတန်းတွေဖတ်ဖို့မေ့,1
ချောရယ်ဘယ်အချိန်ကြည့်ကြည့်ချစ်တာနော်အားပေးနေသူကြီးပါ,2
ခရီးသွားရတာ အရမ်းစိတ်လှုပ်ရှားဖို့ကောင်းတယ်,1
ခြေကျိုးတာကစ ပျော်တယ်ဆိုတော့ ဒီကောင်ကြီး ဘာဖြစ်ပြန်တဲ့ဆို ပျော်နေတဲ့ အပျော်မျိုးပါ နိုင်တဲ့ဘက်က ပါဝင်နေလျက်ပါ,1
ခလေလေးသနားလိုက်တာ,0
ခွေးမသား ငါ့ပိုက်ဆံတွေကို ဘယ်မှာ ဝှက်ထားတာလဲ,3
ခွေးမသားဒိုင် စည်းကြပ်ကတောင် အလံထောင်ထားတာကို,3
ခိုင်မာတဲ့ စိတ်ဓါတ်ရှိတဲ့ ခေါင်းဆောင်အောက်မျာဘဲ ဝန်ထမ်းတွေဟာ ယုံကြည်မှုရှိရှိနဲ့ အလုပ်ဆက်လုပ်နိုင်ကြတာပါ,1
ခုချိန်မှာ ခွဲရမှာ ကြောက်တာရော သူမချစ်တော့ဘူးဆိုတဲ့ စိတ်ရောကြောင့် တော်တော်ပြိုလဲနေလို့ပါ,0
ခုတော့မရတော့ဘူးဘာလို့လည်းဆိုတော့ချစ်လို့စွန့်လိုက်ပီ နောင်တဆိုတဲ့စကားအစကရှိရင်ပေါ့,0
ခုတော့ မိသားစု ငါးယောက်ဖြစ်သွားပြီ ချစ်စရာကောင်းတဲ့မိသားစုလေး,2
ခုတော့ သည်းမခံနိုင်လို့ ရေးပါဦးမယ်,3
ခုထိကိုယ်ဘာလို့အဲ့လိုလုပ်ခဲ့မိတာလဲမယုံနိုင်ဘူးဖြစ်နေတယ်,5
ခုရက်ပိုင်းနေလို့ သိပ်အဆင်ပြေမနေဘူး စိတ်ထဲလဲမကောင်းဘူး သက်သက်ကြီးခွဲခြားဆက်ဆံတယ်လို့ ခံစားလာရတယ်,0
ခုလိုပုံစံနဲ့ပြန်တွေ့ရမယ်မထင်ထားဘူး,5
ခေါင်းတအားမူးတယ် တနေကုန် လှိုင်းမူးနေသလိုခံစားရတယ် ဘေးဒဏ်ခံစားရသူတွေအတွက် ထပ်တူကြေကွဲဝမ်းနည်းရတယ် ,0
ဂုဏ်ယူပါတယ် သမီးရေ,1
ဂူကို အပြင်ကကြည်ရင် သေးတယ်ထင်ရပေမယ့် ဝင်ကြည့်ရင် တကယ်အံ့သြဖို့လည်း ကောင်းပါတယ်,5
ငယ်ငယ်က အရက်သမားဆို သိပ်ကြောက်တာ,4
ငလျင်လှုပ်တုန်းက ကြောက်လွန်းလို့ ဘာလုပ်ရမှန်းတောင် မသိဘူး,4
ငါက​တော့ ​တွေး​တွေးပြီး တစ်ဖက်သတ်​ကြောက်​နေတာ,4
ငါကြောက်တောင်လာပြီ,4
ငါ့ကို ကိုယ်ချင်းစာတဲ့ဟုဆိုပြီး ဒီလောက်ကြမ်းကြုတ်တာ,3
ငါ့ကို တစ်ခုခု ဒုက္ခပေးတော့မလားလို့ စိုးထိတ်နေရတယ်,4
ငါ့ကို တစ်ယောက်တည်း ထားခဲ့ကြတာ စိတ်နာတယ်,0
ငါ့ကို ဒီလောက် ညှင်းဆဲနေသူများကို ဘယ်လိုမျိုး ဆက်ဆံရမလဲ,3
ငါးကိုပိုက်ဆံပေးလိုက်တော့ သူ့ဘာသာသွားဝယ်စားရမှာလား,5
ငါ့ကို ဘယ်သူမှ ဂရုမစိုက်ကြဘူး အားလုံးက မေ့သွားကြပြီ,0
ငါ့ကို မလေးမစား လုပ်တာကို သည်းမခံနိုင်ဘူး,3
ငါ့ကို လမ်းမလွဲမကောင်းအောင် ပုံချမရဘူး,3
ငါ့ကို လာပြီး မစိန်ခေါ်နဲ့,3
ငါ့ကို လာပြီး မလိမ်နဲ့ နင့်အကြောင်း ငါသိတယ်,3
ငါ့ကို လာပြီး လိမ်ဖို့ မကြိုးစားနဲ့ အကုန်သိပြီးသား,3
ငါ့ကို လာပြီး အပြစ်မတင်နဲ့ နင်လုပ်တာ မဟုတ်တာကို,3
ငါ့ကို လာပြီး အမိန့်မပေးနဲ့,3
ငါ့ကို လာမနှောင့်ယှက်နဲ့လို့ ပြောထားတယ်မဟုတ်လား,3
ငါ့ကို လာမပတ်သက်နဲ့တော့ စိတ်ပျက်လွန်းလို့ ဘယ်လိုဟာမှန်းကို မသိဘူး,3
ငါ့ကို လာအမိန့်ပေးတာတို့ ချုပ်ချယ်တာတို့လုပ်ပြီး စိတ်တိုအောင် မလုပ်နဲ့နော် ငါ မကြိုက်ဘူး,3
ငါ့ကို အကုန်လက်ချထားကြတယ်,0
ငါ့ခွေးလေးကို ငါ လွမ်းလိုက်တာ,0
ငါ့စကားကို နားမထောင်တဲ့သူကို တကယ်စိတ်တိုတယ်,3
ငါ့စိတ်ကိုဘသူမှနားမလည်ပေးကြဘူး,0
ငါတို့တေရိုးရိုးသားသားသွားနေတုန်းကစက်ကိုသစ်ကိုင်းခြောက်ကာပြီးစောင့်ဖမ်းနေတဲ့အကောင်တေဘယ်ရောက်,5
ငါတို့ ဒီပွဲကို နိုင်ပြီဟေ့ ,1
ငါတို့မြို့လေးလည်းစုတ်ပိက်သတ်နေပါပြီ,0
ငါတို့သိပ်ကိုလွတ်လပ်ခဲ့တဲ့အချိန်ပေါ့ကွာ,0
ငါတို့အလုပ်ရုံမှာအဲထက်တောင်ကြီးတယ်ထိုင်းမှာဆို,5
ငါတော့အခုနောက်ပိုင်းအဲ့တာကြီးဘဲပြန်စဉ်းစားမိပြီးကြက်သီးတွေထတယ်,4
ငါ ဒီနေရာမှာ တစ်ယောက်တည်းနေရတာ အရမ်းဝမ်းနည်းတယ်,0
ငါ့ပစ္စည်းကို မပြောဘဲ ဘယ်သူလာထိထားတာလဲ ခြေရာလက်ရာပျက်နေတာ ငါသိတယ်နော်,3
ငါ့ပြောရင်မကောင်းတော့ဘူး,3
ငါ့ပိုက်ဆံတွေကို ဘယ်သူခိုးသွားတာလဲ မရှိရတဲ့ကြားထဲမှ ,3
ငါ့ဘဝက ဘာလို့ ဒီလောက် ကံဆိုးနေရတာလဲ,0
ငါ့ဘဝရဲ့ အရေးကြီးဆုံး လူတစ်ယောက်ပါ,2
ငါ ဘာလို့ မင်းစကားကို နားထောင်ရမှာလဲ,3
ငါမှာတော့ မရှိဘူးဟေ ကွယ်ရင် စောက်တင်းပြေားနေတဲ့ ကောင်မတွေပဲ ရှိ​တယ်,3
ငါ့မှာ မင်းရှိနေလို့ ကံကောင်းတာ,1
ငါမုန်းလိုက်တာအဲ့မိန်းမကို တစ်ကားလုံး တော်တော်နဲ့လဲမသေဘူးသူက,3
ငါရင်ထဲ မကောင်းလိုက်တာ,0
ငါ့ရှေ့က အခုချက်ချင်း ထွက်သွားလိုက်တော့,3
ငါ့ရဲ့ စိတ်ရှည်မှုကို လာမစမ်းနဲ့,3
ငါ့ရဲ့ သည်းခံနိုင်စွမ်းက ကုန်သွားပြီ,3
ငါလည်း ငါ့ကိုယ်ငါ အံ့ဩနေတာ သူနဲ့မှ ဘာဖြစ်သွားတာလဲ မသိဘူး,5
ငါလိုးမဟာကပေါ်ပေါ် လာပြန်ပီ,3
ငါသာဆို တချက်စီ ပါးရိုက်ခဲ့မှာ,3
ငါသာဆိုရင်ဆိုပြီးတွေးမိတာ ပူလောင်နေပြီအခုထဲက လင်တောင်မယူချင်တော့ဘူး,4
ငါဟိုနေ့ကခွေးလိုက်တော့ကြောက်လို့ထွက်ပြေးရသေးတယ်,4
ငါ့အကြောင်းကို သေချာလည်း မသိဘဲ ငါ့ကို လာပြီး မဝေဖန်နေနဲ့ ,3
င့ါ့အတွက်အချစ်ဆိုတာ နီးနီးဝေးဝေး ကိုယ်မပိုင်ရလဲ သူပျော်ရွှင်ပီး အစစအရာရာအဆင်ပြေနေတာမျိုး သူလိုအပ်ရင် ငါတတ်နိုင်တဲ့ဘက်ကနေကူညီပေးချင်တာမျိုး သူနဲ့အတူရှိနေရရင်ကို ပျော်စရာဆိုတာထပ်စိတ်ချမ်းမြေ့မှု့ကိုခံစားရတာမျိုး,2
ငါ့အရှေ့ကနေ ထွက်သွားလိုက်တော့ နင့်ကို ထပ်ပြီး မမြင်ချင်တော့ဘူး,3
ငါ့အလုပ်ကို လာပြီး ဝင်မရှုပ်နဲ့,3
ငိုချင်ပေမဲ့ မျက်ရည်တောင် ကုန်သွားပြီ,0
ငိုရလွန်းလို့ ခေါင်းတွေလည်း ကိုက်ရပါတယ်,0
စကားကို ဖြတ်မပြောနဲ့ဦး ငါပြောတာ အဆုံးထိ နားထောင်,3
စကားတွေ အများကြီး ပြောချင်ပေမဲ့ ရင်ထဲမှာပဲ တစ်ဆို့နေတယ်,0
စကားပြောတာလေးက ဘယ်လိုလေးလည်းမသိဘူး ချစ်လိုက်တာ,2
စကားလုံးတွေနဲ့ ဖော်ပြဖို့ခက်တဲ့အခါ ဒါမှမဟုတ် ချစ်ခင်မြတ်နိုးမှုကို အထူးခြားဆုံး သက်သေပြချင်တဲ့အခါ ပန်း လေးတွေက သင့်ကိုယ်စား အကောင်းဆုံး စကားပြောပေးပါလိမ့်မယ်,2
စကားလုံးတွေနဲ့ ဖော်ပြလို့မရတဲ့အထိကို မင်းကိုရူးသွပ်နေပြီ,2
စည်းလုံးညီညွှတ်တဲ့ အဓိပ္ပါယ်ဆောင်လို့ ဂုဏ်ယူတယ်,1
စနိုက်မကတိုင်းကျော်ပြည်ကျော်တောင်မကဘူးကမ္ဘာကျော်တဲ့အထိခြေဆန့်နေတော့တာနော်,3
စမ်းချောင်းရေလိုအေးမြတဲ့ သဲတုံးလေး မမက ချစ်လို့ သိမ်းထားတယ်,2
စာကိုဖတ်ရင်းနဲ့တောင် ရင်ထဲနေလို့မကောင်းဘူး မွမ်းကြပ်တဲ့ခံစားချက်ကြီး,0
စားချင်တာအစာအိမ်ကမကောင်းတော့မစားရ,0
စားချင်လိုက်တာလွမ်းနေတာအဲ့လို့၏အရသာတွေကိုကိုယ်ရောက်နေတဲ့နေရာမှအဲ့တာတွေမတွေ့ဘူး,0
စာတွေဖတ်ပြီးရီနေရပြီ,1
စာမတက်ပေမတက်တွေဆိုတာ သိသာကြီး အောက်တန်းစားတွေ,3
စာမေးပွဲကျမှာကို တုန်လှုပ်နေမိတယ်,4
စာမေးပွဲ ရလဒ်ထွက်မှာကို ရင်တုန်နေတယ်,4
စာမေးပွဲ အမှတ်ကောင်းလို့ အရမ်းဝမ်းသာတယ်,1
စာလေးကို ဖတ်ပြီး မိဘဖြစ်ရခြင်းရဲ့ အဓိပ္ပာယ်ကို တွေးပြီး ကျေနပ်လိုက်ရတာ,1
စာသင်မှုရပ်နားသဖြင့် ကျောင်းသားများထုံးစံအတိုင်း ဝမ်းသာကြသည်,1
စာသားလေးက ကြည်နူးစရာလေး,2
စိတ်ကမတင်မကျဖြစ်ပြီး ငိုလည်းမငိုပဲ ရင်ထဲမှာတစ်နေတာပါ ညီမဘယ်လိုလုပ်ရမှန်းကိုမသိပါဘူး အသည်းကွဲတာရော ခံပြင်းတာရောနဲ့ စိတ်တွေရှုပ်ထွေးနေတာ ဘာလုပ်သင့်လဲရှင့်,0
စိတ်ကျန်းမာရေးကို ထိခိုက်စေတဲ့ အနှောက်အယှက်တွေကိုလည်း တွန်းလှန်နေကြရတာပါ,4
စိတ်ကုန်တယ် မြန်မာနိုင်ငံကလူတွေက သူများဦးနှောက်ဖောက်စားကြတာတော့ အတော်တတ်တာ,3
စိတ်ချမ်းသာကိုယ်ကျန်းမာလိုရာဆန်ဒပြည်ဝပါစေ,1
စိတ်ချမ်းသာကိုယ်ကျမ္မာပြီးချစ်ရတဲ့မိသားစုနဲ့အတူဘဝကိုပျော်ရွှင်စွာဖြတ်သန်းနိုင်ပါစေ,1
စိတ်ချမ်းသာဖို့က အရေးကြီးဆုံးပဲ,1
စိတ်ချမ်းသာဖို့နဲ့ ကိုယ်ကျန်းမာနေဖို့က ပထမဦးစားပေးရမယ့် အရာတွေဆိုတာ ,2
စိတ်ညစ်ညစ်နဲ့ အကုန်ထားခဲ့ပီး ထွက်သွားလိုက်ချင်တယ်,0
စိတ်တွေ ဂယောင်ခြောက်ခြား ဖြစ်နေတယ်,4
စိတ်တွေတဆတ်ဆတ်တိုပြီးကိုပြောပစ်ချင်တာပါ,3
စိတ်တွေရှုပ်ပြီး ဘာဆက်လုပ်ရမှန်း မသိလို့ပါ,0
စိတ်ထားကောင်းသော တီချယ် ချစ်တယ်,2
စိတ်ထဲမကောင်းလိုက်ထာဆင်လေးရယ်မျက်ရည်တွေလဲကျမိပါတယ်ကောင်းရာဘုံဘဝရောက်ပါစေ,0
စိတ်ထဲမှာ ကြည်နူးမှုတွေ ပြည့်နှက်နေတာပဲ,1
စိတ်ထဲမှာ တစ်ခုခုလိုနေသလိုပဲ,0
စိတ်ထဲမှာ ပေါ့ပါးလန်းဆန်းနေတယ်,1
စိတ်ဒဏ်ရာတွေတစ်မျိုးပြီးတစ်မျိုးမရိုးနိုင်အောင်ပေးကြ စိတ်ပျက်,3
စိတ်ဓာတ်တွေ အောက်ဆုံးထိ ရောက်နေပြီး လူတွေနဲ့ ဝေးရာမှာပဲ နေချင်တော့တယ်,0
စိတ်နာလည်းဘာမှမတတ်နိုင်အခုချိန်မှာသူတို့ရဲ့လက်ခုပ်ထဲကရေဖြစ်နေပြီဟ,4
စိတ်နဲ့ပဲအခါခါ နမ်းလိုက်တဲ့အခါတိုင်း မင်းရှိတဲ့အရပ်လေးကို နွေးထွေးစေချင်တယ် ကိုယ့်မှာ အများကြီးလွမ်းရပါကြောင်း,2
စိတ်ပူလို့ ကာကွယ်တယ်တော့ပြောတာဘဲ,2
စိတ်မကောင်းပါဘူးဗျာကောင်းရာဘုံဘဝ​ရောက်ပါစေဗျာကိုယ်တွေလဲထိုင်းနိုင်ငံမှာလုပ်စားနေရတာမလွယ်ဘူးသတိထားပြီးလုပ်နေရတယ်,0
စိတ်မကောင်းပါဘူး မိမိပြုတဲ့ကံတွေကျေအောင်ဆပ်ပြီးအရင်လိုမလုပ်တော့ဘဲဘဝကိုအေးချမ်းစွာဖြတ်သန်းပါ,0
စိတ်မကောင်းလိုက်တာ,0
စိတ်မကောင်းလိုက်တာအားလုံးဂရုစိုက်ဖို့လိုနေပါပြီ,4
စိတ်ရင်းနဲ့ပြောဆို ဆက်ဆံသမျှ အရာတွေဟာ တူညီသော တုန့်ပြန်မှုမရှိဘူးဆိုတာ,0
စိတ်လှုပ်ရှားလွန်းလို့ ရင်တွေတောင် ခုန်နေပြီ,1
စိတ်ဝင်စားဖို့ကောင်းနေတဲ့ပွဲကို ပထမပိုင်း ကတည်းက ဒိုင်ကဖျက်စီးပစ်တယ်,3
စိတ်သွားတိုင်း ကိုယ်ပါ ဖြစ်ချင်တာတွေ အကုန် လုပ်ပါစေ ရှင့်,1
စိတ်အပန်းဖြေ တစ်ညအိပ်ခရီး ရင်ထဲထိအေးမြတဲ့ရေ ပျော်စရာ ဖြစ်ခဲ့ပါတယ်,1
စီနီယာကောင်းတွေရှိတာလည်း ကံကောင်းခြင်းတစ်ခုဘဲ,1
စူပါမန်းက ဒဲ့လှော်တော့ ရှိုင်းလေးကပြန်ဖြဲမယ်ထင်နေတာ ကြောက်ရမ်းရမ်းပြီး လျှောက်ပြောတော့တာပဲ ငါ့လခွီး,1
စေတနာကို စော်ကားခံရသလိုမျိုး ခံစားနေရရင် အဲ့ကနေ လှည့်ထွက်လာခဲ့တယ်,3
စေတနာ့ဝန်ထမ်း လုပ်ပြီး လူပျောက်ရှာပေးခဲ့ပေမယ့် ပျောက်ဆုံးတဲ့လူက သူကိုယ်တိုင်ဖြစ်နေခဲ့တယ်,5
စောက်ခွက်ကြီး ပေါ်ပေါ်လာတာ ရွံလို့,3
စောက်တလွဲတွေ ချည်းပဲ လုပ်နေတယ် ဖယ်စမ်း,3
စောက်တလွဲတွေ ပြောမနေနဲ့ မင်းကို ငါ မယုံဘူး,3
စောက်တောသားတွေကတစ်မျိုး တရုတ်အုပ်ချုပ်ရင် တိုးတက်မယ်တဲ့ တိုးတက်သွားပြီဘဲထားဦး မင်းကိုတန်းတူအခွင့်ရေးပေးမယ်လို့ ဘယ်သူကအားမခံပေးမလဲ ကျွန်အဖြစ်ဘဲ တစ်သက်လုံးလုပ်နေရမှာ ပေါက်လား မြန်မာပြည်သားဆို အမှိုက်လို့ဘဲ သတ်မှတ်တာ မင်းတို့ပထွေးတွေက သိဖို့,3
စောက်ပိုတွေလုပ်တတ်တယ်,3
စောက်ရှက်မရှိတဲ့ကောင်တွေပါ ဘာဦးနှောက်မှ မရှိဘူး ချီးဘရိန်းတွေ,3
စောက်ရူးမ ငါ့ရှေ့က အခုချက်ချင်း ထွက်သွားစမ်း,3
စောစောစီးစီး အကုသိုလ်မား,3
ဆက်ဆံရေးတွေ ခဏခဏ ပျက်စီးနေတာဟာ သင် ကံမကောင်းလို့ မဟုတ်ပါဘူး,0
ဆင်းရဲမွဲတွေမှု စစ်ဘေးဒဏ် မိသားစု ပြဿနာတွေက စိတ်ကျန်းမာရေးကို တိုက်ရိုက် သက်ရောက်စေတယ်,4
ဆယ်တန်းမအောင်တဲ့ကောင်တွေကပေါက်ကရလုပ်ပီးကြံဖန်ကိုဂုဏ်ယူနေတာ,3
ဆရာ့စာတွေက စိတ်ခွန်အားတွေဖြစ်စေပါတယ်,1
ဆရာ၏ ရိုက်ခြင်းခံရမည် သိသောကြောင့် ဖိနပ်ပျောက်ခြင်းကို မတိုင်ဝံ့ပါ,4
ဆရာ့အပေါ်တွင် ချစ်ကြောက်ရိုသေစိတ် ရှိကြသည်,2
ဆေးစွမ်းကောင်းအသစ်တွေ ပေါ်လာတယ်ဆိုတာ ကြားရတာ ဝမ်းသာစရာပါ,1
ဆေးထိုးရမှာကို ကလေးလို ကြောက်နေမိတယ်,4
ဇာတ်သိမ်းကလုံးဝ အဓိပ္ပာယ်မရှိ တစ်ကားလုံးကောင်းလာသမျှ ဇာတ်သိမ်းမှာ အံ့ဩရပါကြောင်း,5
ဇာတ်သိမ်းခန်းကိုကြည့်ရင်း ငါတို့ရဲ့ဘဝတွေကလည်း တချိန်ကျရင် ဘာမှမယ်မယ်ရရ ဆုတ်ကိုင်စရာမရှိတမ်းတစရာအတိတ်ယောင်ယောင်လေးတွေကိုစဉ်းစားရင်း ဒီလိုနေဝင်ကြရမှာပဲဆိုပီး မျက်ရည်ဝဲမိတယ်,0
ညက တစ်ယောက်ထဲ သရဲကြောက်လို့ အိပ်မပျော်ဘူး,4
ညဘက်ဆို တစ်ယောက်ယောက် နောက်ကလိုက်နေသလိုပဲ ကြောက်ဖို့ကောင်းတယ်,4
ညဘက် တစ်ယောက်တည်း အိမ်မှာ နေရတာ ကြောက်တယ်,4
ညဘက်တစ်ယောက်ထဲ နေရတာ ကြောက်ကြောက်ရွံ့ရွံ့နဲ့,3
ညဘက်တွေဆိုရင် အတွေးတွေက ပိုပြီးတော့ နာကျင်စေတယ်,0
ညရောက်ပြီဆို ဘာသံကြားကြား လန့်လန့်နေတာ ညတိုင်းပဲ အကို,4
ညအမှောင်ထဲ လမ်းလျှောက်နေတုန်း ခွေးဟောင်သံ ကြားရရင် ကြောက်တယ်,4
ညီမလေးကျန်မားရေးဂရုစိုက်နော်,2
တကယ်ကြီးလား,5
တကယ်ကြီးသူနဲ့ရသွားတာလား,5
တကယ့်ကို အံ့မခန်းပဲ,5
တကယ်တည်တည်ငြိမ်ငြိမ်လေးနဲ့ ချစ်ဖို့ကောင်းသူလေး,2
တကယ်ရင်နာဖို့ကောင်းတယ်တစ်ခုခုဆိုကလေးလေးကိုပဲအပြစ်ပြောကြတယ်သူကြိုးစားပြိလုပ်လာသမျှကိုကျတော့မမြင်ဘူးကလေးလေးဘယ်လောက်စိတ်ဆင်းရဲ့နေလိုက်မလဲ,0
တကယ်ဟုတ်လို့လား,5
တကယ့်အကုသိုလ်ကောင်တွေမွှေလို့မပြီးနိုင်ဘူး,3
တချို့ကတော့ မင်းတိုးတက်တာကို မကြည့်မမြင်ချင်ကြသူလည်း ရှိကြမှာပေါ့,3
တချို့အရာတွေ ဆုံးရှုံးရပုံက သိပ်အံဩဖို့ကောင်းတယ်,5
တခါအလိမ်ခံထိထားတော့ အခုဆိုအိမ်ရောက်ငွေချေမရရင်ဘယ်ဟာမှမဝယ်ရဲတော့ဘူး,4
တစ်ကမ္ဘာလုံးက လူတွေထဲမှာ နင့်ကိုပဲ ရွေးချယ်ခဲ့တာ,2
တစ်ကယ်တော့ ကြောက်စရာ အကောာင်းဆုံးက လူထဲက လူတွေကိုပဲ,4
တစ်ကယ်လား7နှစ်က,3
တစ်ကိုယ်ကောင်းဆန်ကျလို့ သူတပါးအလိုကျဖြစ်ကြရတော့မည် အမြန်ညီညွတ်ကြပါတော့လို့ လက်နက်ကိုင်အားလုံးကိုပြောချင်ပါတယ်,0
တစ်ခါကြောက်မိရင် သေတဲ့အထိကြောက်နေရမှာ,4
တစ်ခါတစ်လေမှာ ကိုယ်ရဲ့ ဂရုစိုက်မှုတွေ ချစ်ခြင်း မေတ္တာတွေကို ထုတ်ပြောဖို့ လိုပါတယ်,2
တစ်ခါတလေတော့လည်း မျက်နှာဖုံးကိုယ်စီနဲ့ လူတွေကို ထိုင်ကြည့်နေရတာ တစ်မျိုးတော့ ရယ်စရာကောင်းသား,5
တစ်ခါမှ မလုပ်ဖူးတဲ့ အလုပ်မို့လို့ ရင်တုန်နေရတယ်,4
တစ်ခုခု ဖြစ်တော့မယ်ထင်တယ် စိတ်ထဲ မလုံခြုံသလိုပဲ,4
တစ်ခုခု မှားယွင်းသွားမှာကို အမြဲ စိုးရိမ်ပြီး ဘာမှမလုပ်ရင် ဘယ်အရာမှ ပြီးမှာ မဟုတ်ဘူး,0
တစ်ခုခု မှားယွင်းသွားမှာကို အရမ်းစိုးရိမ်တယ်,4
တစ်နေကုန် စိတ်အေးအေးလေး နေရင်းနဲ့ ကောင်းမွန်တဲ့ လူတစ်ယောက်ရဲ့အပြုံး ချိုမြိန်တဲ့ရေနွေးခွက် သတိတရားနဲ့ ရောထည့်ထားတဲ့ တိတ်ဆိတ်မှုထဲမှာလည်း ရှိနေတတ်ပါတယ်,1
တစ်နေ့ တစ်နေ့ အရွယ်ရောက်ကောင်တွေ ပေါ်တာဆွဲ သေ လမ်းပို့နေတာဗျို့,4
တစ်​နေ့တစ်မျိုး လန့်ရဖြန့်ရတာ​တွေ​နော်,4
တစ်နေ့တာရဲ့ အေးချမ်းတဲ့အချိန်လေး ,1
တစ်ယောက်ကို တစ်ယောက်လေးစားရမယ်,2
တစ်ယောက်တည်း တောထဲမှာ လမ်းပျောက်မှာ စိုးရိမ်တယ်,4
တစ်ယောက်တည်း ထားမသွားပါနဲ့,4
တစ်ယောက်တည်း နေရတာ တကယ်ကို ကြောက်ဖို့ကောင်းတယ်,4
တစ်ယောက်တည်း ဖြစ်သွားရင်လည်း တစ်ယောက်တည်းပဲ နေတတ်ရမယ်လေ,0
တစ်ယောက်တည်း သိမ်ငယ်အေးစက်တတ်တဲ့သူဆီရောက်ရှိလာပြီး ပျော်ရွှင်နွေးထွေးစေခဲ့လို့ မင်းက ကိုယ့်အတွက် သိပ်ပြီးအဖိုးတန်ပါတယ်,2
တစ်ယောက်ထဲ ခရီးထွက်ချင်ပေမယ် သရဲကြောက်တာနဲ့ ဘာမှဆက်မလုပ်နိုင်လို့ပါ,4
တစ်ယောက်နဲ့တစ်ယောက်ယုံကြည်ပြီးလက်တွဲသွားကြပါ,2
တစ်ရက်တစ်မျိုးချစ်လိုက်တာ,2
တစ်ရက်ထက်တစ်ရက်အချစ်တွေပိုနေတယ် မောင်မောင်ရယ်,2
တစ်လတိတိ ပြည့်သောနေ့၌ အဖေပြန်ရောက်လာသဖြင့် အလွန်ဝမ်းသာကြသည်,1
တဖြည်းဖြည်းနဲ့ ကမ္ဘာကြီးမှာအေးချမ်းတဲ့နေရာရောရှိပါဦးမလား,4
တဖြေးဖြေး နဲ့ ပိုဆိုးလာတဲ့အခါ ပြဿနာ တွေစ လာပါပြီဖြစ်ပါတယ်,0
တရားစွဲခံရလိမ့်မယ်လို့မထင်ထားဘူး,5
တရားမမျှတသောကမ္ဘာမှာ ကြည်ကြည်နူးနူးနေ၍မရ,3
တွေ့ရတာ တကယ်ကို ဝမ်းသာပါတယ်,1
တအား မိုက်တာကော,5
တားဆီးလို့ မရတဲ့ အထဲမှာ အချိန် နဲ့ ချစ်ခြင်းမေတ္တာပါတယ်,2
တိရိစ္ဆာန်ကမွေးလာတဲ့ကောင်,3
တိုက်ပွဲဖြစ်ပွားမည်ကို ဒေသခံများ စိုးရိမ်,4
တိုက်ပေါ်က ပြုတ်ကျမှာကို အရမ်းကြောက်တယ်,4
‎တို့မယ် ကျေနပ်လွန်းလို့ ပါးစပ် နားရွက်တက်ချိတ်တော့မယ် သွားကလည်း ၃၂ချောင်းပေါ်အောင်ဖြီးလို့,1
တို့သမီးကလည်း ပြုံးနေတာပဲ ကြည့်ဦး ,5
တူတူပါဘဲကွယ် နှလုံးရောဂါရတော့ယ်ကြာရင်ပြတ်လဲ မပြတ်နိုင်ဘူး,0
တော်တော်ရွံ့စရာကောင်းတဲ့ကောင်ဒီလိုလူမျိုးကိုလူ့လောကကြီးမှာမထားသင့်တော့တော့ဘူး,3
တော်တော်လေး မွန်းကြပ်လာလို့ နည်းနည်း ရင်ဖွင့်ချင်လို့ပါ,0
တော်တော်လေး အံ့သြ ဖို့ ကောင်းသလို စက်ဆုတ်စရာလည်း အင်မတန် ကောင်းပါတယ်,5
တော်ရုံရူးကြတာပဲကောင်းပါတယ်,5
တော်လိုက်တာအစ်ကိုရေ,1
တော်လိုက်တဲ့ ဖေဖေ လေးစားပါတယ်,1
တော်သေးကိုယ်တွေသွားမတည်းခိုနိုင်လို့,5
တော်သေးတယ် ပြောသမျှ ညည်းသမျှ နားထောင်ပြီး အလိုလိုက်ချစ်ပေးတဲ့ ယောကျာ်းရှိလို့,2
ထပ်ပီး ဝမ်းမနည်းချင်တော့လို့ပါ ပင်ပန်းလွန်းနေပီ,0
ထမင်းငတ်တော့လည်း စောက် ဦး နှောက်က ချီး ပေတာပဲထွက်တော့တာနော်,3
ထွက်ခွာသွားလို့လည်း စိတ်ဓါတ်ကျမသွားနဲ့ဦး,0
ထာဝရပျော်ရွှင်ချမ်းမြေ့ပါစေနော် ,1
ထိုက်တန်ခြင်းမဲ့တဲ့ ဆုံးဖြတ်ချက်ကနေ ကောင်းကောင်းနစ်နာခဲ့ရတယ်,3
ထိုင်ခုံတစ်လုံး ရေနွေးခွက်တစ်ခွက် ရိုးရှင်းတဲ့ ပြုံးမှုတစ်ခု အဲ့ဒါတွေကပဲ တကယ်အနားယူခြင်း တကယ်ပျော်ခြင်းကို အတိအကျ ဖြစ်နိုင်ပါတယ်,1
ထိုင်းမှာ မနက်ဖြန်ကစပြီး ကြက်ဥဈေး တက်တော့မည်,5
ထိုင်းသူငယ်ချင်းက မမျှော်လင့်ဘဲ လာလည်တယ် ဝမ်းသာတာပဲ,1
ထူးထူးဆန်းဆန်းဘယ်သူနဲ့ရတဲ့ ကိုယ်ဝန်ပါလိမ့်,5
ဒါက ငါ့ကို စော်ကားတာပဲ,3
ဒါက တကယ်ကြီးလား ငါ အိမ်မက်မက်နေတာ မဟုတ်ဘူးမလား,5
ဒါက တရားမျှတမှု မရှိဘူး ငါ လက်မခံနိုင်ဘူး,3
ဒါက ဘယ်လိုမှ ဖြစ်နိုင်စရာ အကြောင်း မရှိဘူး,5
ဒါကြီးကဘာကြီးတုန်း ဒါကြီးကဘယ်လိုကြီးတုန်း,5
ဒါကြီး ဖတ်ပြီး ငိုချင်နေတာ,0
ဒါတော့ လွန်သွားပြီ,5
ဒါပေမယ့် ဒီလိုလုပ်နေရင် တစ်နေ့တစ်နေ့ ကိုယ့်စိတ်က ပိုပင်ပန်းလာမယ် အေးချမ်းမှုမရှိတော့ဘူး…မပျော်ရွှင်နိုင်တော့ဘူး,4
ဒါ ဘာဖြစ်တာလဲ,5
ဒါမှမဟုတ် ငါ့ကို ပုဂ္ဂိုလ်ရေးတိုက်ခိုက်တာပေါ့,3
ဒါဟာ ကျွန်တော်တို့ဘဝမှာ အကောင်းဆုံးနေ့ပဲ,1
ဒါဟာ တမင်ကြံစည်လုပ်တာ ရှင်းရှင်းကြီး မြင်နေရတယ်,3
ဒီကားကိုကြည့်ပီးလူရင်းတွေတဲ့ဝေးဝေးသာနေချင်တော့တာ,4
ဒီကာလထဲမှာမိသားစုထဲကတစ်ယောက်ယောက်တစ်ခုခုဖြစ်သွားမှာအရမ်းစိုးရိမ်တာ,4
ဒီကိစ္စက တော်တော်လေးကို အံ့သြတုန်လှုပ်စရာပဲ,5
ဒီကိစ္စက တော်တော်လေး လွန်သွားပြီ,3
ဒီကိစ္စကို လူသိရှင်ကြား ဖြစ်သွားမှာကို တကယ် ကြောက်တယ်,4
ဒီကိစ္စမျိုး ရင်ဆိုင်ဖူးမြဲ မဟုတ်ဘူး ဒါပေမဲ့ ဒါက သည်းခံ၍မရ,3
ဒီကောင်တွေမရှိမှအေးမှာပါ,3
ဒီခံစားချက်ကနေ ဘယ်တော့ လွတ်မြောက်မလဲ,0
ဒီခွေးလေးချစ်စရာလေး,2
ဒီညကတော့ အိပ်မက်ဆိုးတွေနဲ့ပဲ ကုန်ဆုံးဦးမယ်,0
ဒီညစာက အရမ်းကောင်းပြီး တကယ့်ကို အရသာရှိတာပဲ,1
ဒီထက်ကြီးတဲ့ငါးကိုမြင်ရင်ထိုင်များကန်တော့အုံးမလားမသိဘူး,5
ဒီထက်ဆိုးတဲ့ဘဝတွေလည်း မရှိတော့ပါဘူး,0
ဒီထက်ဆုံးရူံးစရာ ဘာမှမရှိတော့ဘူး ဖောင်ဖျက်တိုက်ရမှာဘဲ ကို့ဆရာတို့ရေ ဘယ်လိုဖြစ်နေနေအားပေးရမာဘဲ ,2
ဒီနှစ်မှာလည်း ကျွန်မအတွက် အရင်းနှီးဆုံးသူငယ်ချင်းဖြစ်ပေးပြီး ကျွန်မနဲ့အတူ ပျော်ပေးခဲ့ကြတဲ့အတွက် ထပ်ပြီး စိတ်ရင်းနဲ့ ကျေးဇူးအများကြီးတင်ပါတယ်,1
ဒီနေ့ကတော့ ငါ့ဘဝမှာ အပျော်ရွှင်ဆုံးနေ့ပဲဟေ့,1
ဒီနေ့ကတော့ အပျော်ဆုံးနေ့ပဲ,1
ဒီနေ့ ခွဲမှာပါ ခွဲစိတ်တာကို နဲနဲတော့ ကြောက်​​​နေမိတယ်,4
ဒီနေ့တော့ စိတ်ဓာတ်တွေ တကယ်ကို ကျနေပြီ,0
ဒီနေ့ နှလုံးသားထဲ ဗလာကြီးလိုပဲ,0
ဒီနေ့ နေသာတာလေးကိုက စိတ်ကို တက်ကြွလန်းဆန်းစေတယ်,1
ဒီနေ့ ဘ၀မှာ အပျော်ဆုံးနေ့ဖြစ်ခဲ့တယ်,1
ဒီနေ့မှ ထူးထူးခြားခြား ပိုပြီး လှနေပါလား,5
ဒီနေ့ မုန့်ဖုတ်ရတာ အရမ်းအောင်မြင်တယ်,1
ဒီနေရာက ကြောက်စရာကြီး,4
ဒီနေ့ ရာသီဥတုက သာယာလိုက်တာ အပြင်သွားရအောင်,1
ဒီနေ့ လက်ဆောင်ရလို့ အရမ်းဝမ်းသာနေတယ်,1
 ဒီနေ့လိုမျိုးကို ထပ်လိုချင်တယ်,1
ဒီနေ့ ဝတ်စုံသစ်လေးနဲ့ အရမ်းလှနေတယ်လို့ ခံစားရတယ်,1
ဒီနေ့အများအတွက် ချစ်ရသူတွေအတွက် တစ်ခုခုပေးဖို့ စဉ်စားကြည့်,2
ဒီနေ့ အလှူလေး အောင်အောင်မြင်မြင် ပြီးသွားလို့ ရင်ထဲမှာ အေးချမ်းရတယ်,1
ဒီနေ့ အလုပ်တွေ အကုန်ပြီးသွားလို့ အေးဆေးပဲ,1
ဒီနေ့ အလုပ်မှာ အစစအရာရာ အဆင်ပြေလို့ ကျေနပ်တယ် အရမ်းစိတ်ချမ်းသာတာပဲ,1
ဒီမှာတော့ ထောက်ပံ့ကြေးနေနေသာသာ လိုင်စင်မရှိကယ်ရီဆရာတွေတော့ဆီမရလို့ အလုပ်မလုပ်ရ ဒုက္ခကိုဒုက္ခဆင့်ခံစားကြရတာ,0
ဒီလိုကျလှသားပဲ အရောင်က,1
ဒီလိုကူညီပေးလို့ကျေးဇူးတင်ပါတယ်,1
ဒီလိုကော်ပြန့်စိမ်းဆို မနက်အစောကြီးထစားရတဲ့ ၁၅၀၀ ပဲပေးရတဲ့ လွန်းစိန်အကြိုက်ဆုံးပဲ,1
ဒီလို ဖြစ်လာလိမ့်မယ်လို့ လုံးဝ မထင်ထားဘူး,5
ဒီလိုမျိုး ထပ်ဖြစ်မှာကို ငါ အရမ်းစိုးရိမ်နေမိတယ်,4
ဒီလိုမျိူးပုံစံကိုတကယ်သဘောကျတယ်,2
ဒီလိုအရာတွေ ဖြစ်လာမယ်လို့ ဘယ်တော့မှ မထင်ထားခဲ့ဘူးတကယ်ကို အံ့ဩလောက်အောင်ပါပဲ,5
ဒီလူမျိုးဖြစ်ရတာဂုဏ်ယူလိုက်တာ,1
ဒီလူဟာ ကိုယ့်အတွက် နှလုံးသားမှာ ပန်းပွင့်စေတဲ့သူပါပဲ,2
ဒီလောက်တိုတောင်းလှတဲ့ အချိန်အတွင်းမှာ အမုန်းတွေ သယ်ပြီး အသက်ရှင်နေရတာ မတန်ပါဘူး,3
ဒီလောက်တိုတဲ့ အချိန်အတွင်းမှာ အမုန်းတွေ သယ်ယူပြီး နေထိုင်ဖို့ မထိုက်တန်ပါဘူး,3
ဒီလောက် တော်မယ်လို့ မထင်ဘူး,5
ဒီလောက်ပြောနေတာကို ဘာလို့ နားမလည်တာလဲ,3
ဒီလောက် မတရားတာ ဟုတ်သလားလို့ ဒေါသတကြီးဖြစ်မနေနိုင်ဘူး,3
ဒီသတင်းက တကယ်ပဲလား ငါ့နားကိုတောင် ငါ မယုံနိုင်ဘူး,5
ဒီသတင်းကို ကြားရတာ စိတ်မချမ်းသာဘူး,0
ဒီသတင်းကို ကြားရတာ တကယ်ကို ထိတ်လန့်သွားတာပဲ,4
ဒီသတင်းကို ကြားရတာ တကယ်ကို ဝမ်းသာပါတယ်,1
ဒီသတင်းကို ကြားရတာ တကယ်ပဲ ဝမ်းသာစရာပါ ဂုဏ်ယူပါတယ်,1
ဒီဟာလေးကို ချစ်လွန်းလို့  အသည်းယားလွန်းလို့သေတော့မှာ,2
ဒီအတွဲလေးလဲအရမ်းကြည်နူးဖိုကောင်တဲ့ဗျာ,2
ဒီအမကိုစသိတာကလေးဗိုက်နဲ့ကတည်းကအားပေးခဲ့တာအခုထိသဘောကျတုန်းပဲ,2
ဒီအမစာဖတ်ပီးစိတ်မကောင်းဖြစ်မိတယ် ကိုယ်တိုင်လည်းသိပ်မကွာဘူး အနားလဲနေလို့မရ လူခွဲလဲမရှိ ဂိမ်းဘဲဆော့နေတာ အဘွားကလည်းမနိုင် ကျောင်းလဲမတက်ချင် လူခွဲမရှိတော့ အလုပ်သာလုပ်နေရတယ်စိတ်မညစ်သာရဘူး,0
ဒီအသံက ဘယ်ကလာတာလဲ,4
ဒီအာဏာရူး ပြည်ပြေး လူလိမ် သူခိုး​ လူလိမ်​မကြီး​ တလိမ်ပြီးတလိမ် လိမ်လို့ကိုမပြီးနိုင်တော့ဘူး,3
ဒီအောင်မြင်မှုက ငါတို့အားလုံးအတွက် အကောင်းဆုံးသော လက်ဆောင်ပါပဲ,1
ဒီအောင်မြင်မှုက ငါ့အတွက် အကြီးမားဆုံး ပျော်ရွှင်မှုပဲ,1
ဒေါသကျဲတဲ့ ကြောင်းနဲ့ ဒါဟာ မမှန်ကန်ဘူး,3
ဒေါသကောင်းကောင်းထွက်မလာဘဲ ဘယ်လိုဆက်ပြောရမလဲ,3
ဒေါသတကြီး ပြောနေတော့ ဘာမှ မကောင်းဘူး ဆိုတာ သိပေမဲ့ မထိန်းနိုင်ဘူး,3
ဒေါသဖြစ်မနေနိုင်ဘူး ဒီလောက် မတရားမှုကျူးလွန်တာ,3
နဂိုကကြည့်မရ အာ့လိုအပို​တွေလုပ်ပြရင်ပိုဆိုး,3
နင်ကတော့ လူတွေကို အမြဲ နှိမ်ချနေတာပဲ,3
နင်ကတော့ အမြဲတမ်း ပြဿနာရှာနေတာပဲ,3
နင်ကတော့ အမြဲတမ်း လူတွေကို ဒုက္ခပေးနေတာပဲ အံ့ဩပါ့ဟယ်,3
နင်က ဘာလို့ ဒီလောက်တောင် တစ်ကိုယ်ကောင်းဆန်ရတာလဲ,3
နင့်ကိစ္စပါလို့ဝင်ရှည်နေတာလား နင်ဟာအတော်ရှည်,3
နင့်ကို ငါ ဘယ်တော့မှ ခွင့်မလွှတ်ဘူး မှတ်ထားလိုက်,3
နင့်ကို ငါ သတ်မိတော့မယ် လောက်ကောင်ရဲ့,3
နင့်ကို တွေ့တိုင်း ရင်ခုန်ရတာ အမှန်ပဲ,2
နင့်ကို သိပ်ချစ်တာပဲ သိလား အမြဲတမ်းလည်း ကာကွယ်ပေးချင်တယ်,2
နင့်ကို အနားမှာပဲ ရှိစေချင်တယ် နင်ရှိနေရင် ဘာမှမလိုတော့သလိုပဲ,2
နင် ငါ့ကို လိမ်ပြောနေတာ မဟုတ်လား,3
နင့်စရိုက်ကို ငါ တကယ်မုန်းတယ် နင်လို အကျင့်နဲ့လူ တစ်ခါမှ မတွေ့ဖူးဘူး,3
နင်တို့မဟုပ်တာတွေလုပ်ထားထာနင်တို့နောက်ကိုအရိပ်မဲလိုလိုက်နေမှာ တသက်လုံးခံစားကြ,3
နင် ဘယ်လိုတောင် ရိုင်းရတာလဲ မ ဆုံးမထားကြဘူးလား,3
နင် ဘယ်လိုတောင် သစ္စာဖောက်ရတာလဲ,3
နင် ဘာကောင်မို့လို့ ငါ့ကို လာစိန်ခေါ်နေတာလဲ ဟေ့ရောင်,3
နင် ဘာကောင်မို့လို့ ငါ့ကို လာဆရာလုပ်နေတာလဲ,3
နင် ဘာလို့ ဒီလောက်တောင် လူပါးဝနေရတာလဲ နားကိုမလည်နိုင်ဘူး,3
နင့်မျက်နှာကိုတောင် မကြည့်ချင်ဘူး ထွက်သွား,3
နင်မရနိုင်တဲ့ ဘ၀မလို့ မနာလိုပြီး ပြောနေတာလား ကမ,3
နင့်လို မိန်းမမျိုးက တကယ်ကို ရွံစရာကောင်းတယ်,3
နင့်အကျင့်ကို ငါ တကယ်မကြိုက်ဘူး,3
နဖူးက အစ ခြေဖျားထိအောင် ချစ်တယ်,2
နယ်မြေလုလူသတ်ပွဲကြားမှာအသက်ရှင်နေရဒါလူဖြစ်ရရှူံးတယ်လို့ဘဲပြောရမယ်,3
နွေးထွေးမဲ့လက်တစ်စုံပါ,2
နှလုံးခုန်သံတွေ မြန်နေပြီ,4
နှလုံးသား တစ်ခြမ်း ကျိုးပဲ့သွားသလိုပဲ,0
နှုတ်မဆက်ဘဲ ထွက်သွားတာက ပိုပြီးတော့ ရင်နာဖို့ကောင်းတယ်,0
နှေးကွေးတာတွေအပေါ် ကစားသူတွေက စိတ်ပျက်ပြီး ဝေဖန်ကန့်ကွက်ခဲ့ကြလို့ပဲ ဖြစ်ပါတယ်,3
နာကျင်နေတာ မှန်ပေမယ့်လဲ ဘယ်သူ့ကိုမှ ရင်မဖွင့်ရဲဘူး ပြောစရာတွေ ထပ်ဖြစ်သွားမှာ စိုးတယ်,4
နားထောင်ရင်းအသံထွက်အောင်ရယ်မိပါပြီရှင့်,1
နားရွက်နဲ့ နှာခေါင်းက အရောင်လေးကို ချစ်လိုက်တာ,2
နိုင်ငံမတိုးတက်တာမပြောနဲ့ ဒီလိုကောင်တေစုနေတာကိုး,3
နုညံ့လှပတဲ့ အချစ်အတွက် ပန်းလေးတွေက အမြဲရှိနေတယ်,2
နူးညံ့တဲ့ စိတ်နှလုံးသားတစ်စုံကို အမြဲရွေးချယ်နိုင်အောင် သင်ပေးခဲ့တာ ဂုဏ်အယူဆုံးနဲ့ ကျေးဇူးအတင်ဆုံးပဲ,1
နေ့ကောင်းတစ်နေ့ပါ အကုန်ခပ်ကောင်းကောင်း,1
နေပူကြီးထဲ့ကတောင် ပရိတ်သက်တွေကိုပြုံးပြနေတာလေက ချစ်စရာလေးပါ မမဦးရယ်,2
နေ့ရက်တိုင်းမှာ ပျော်ရွှင်စေဖို့ ပန်းတွေပေးချင်တယ်,1
နေရာသစ်ရောက်ပြီး သူစိမ်းတွေကြားမှာ နေရတာ စိတ်မသက်မသာ ဖြစ်ရပြီး ဘယ်သူမှလည်း ငါ့ကို နားမလည်ကြဘူး,0
နောက်က တစ်ယောက်ယောက်လိုက်နေသလိုဘဲ,4
နောက်ခံပန်းလေးနဲ့လိုက်ဖက်ပီးချောလိုက်တာ,2
နောက်ဆုံးကပုံကို အူတက်နေပီ,1
နောက်ဆုံးတွေ့ဆုံခြင်းလည်း ဖြစ်နိုင်ပါတယ်​လေ,4
နောက်ဆုံးမှာတော့ အသက်ကြီးပြီးမှ ဘဝမှာ ပျော်ရွှင်ခြင်းဆိုတာကိုတောင် သိနိုင်ခွင့်မရကြပဲ နောင်တတွေထဲမှာပဲ နေထိုင်အဆုံးသတ်သွားကြတယ်,0
နောက်ထပ် တောင်းတာမျိုး မဟုတ်ဘဲ အခုလိုမျိုး လာပေးတာမျိူး လူသားတွေကပါ အံ့သြ သွားခဲ့ရပါတယ်,5
နောက်ထပ်ဘယ်တော့မှပြန်မတွေ့ရမှာကို စိုးရိမ်ပြီးသေတော့မယ်,4
နောက် နှစ်တွေအများကြီးထိတူတူရှိသွားချင်တယ် ချစ်တယ်,2
နောက်နှစ်သက်တမ်းတိုးမှရတော့မယ်,4
‌နောက်ဖြစ်လာမဲ့ဟာတွေကတော့မတွေးရဲစရာ,4
နဲနဲကြောင်ဖို့ကောင်းတယ်,4
နဲနဲတော့စလာပြီ စစ်ပွဲမပြီးရင် ဒီထက်ဆိုးဖို့ဘဲရှိတယ်,4
ပင်လယ်ပြင်က ရေကြောင်းသွားလာမှုမြေပုံကို ဖွင့်ကြည့်လိုက်တဲ့အခါမှာတော့ ယုတ္တိမရှိတဲ့ မြင်ကွင်းတစ်ခုကို တွေ့လိုက်ရပါတယ်,5
ပညာတွေတော့တော်တော်တတ်ဦးမယ် ထဝီ,3
ပညာရပ်တစ်ခုကို သေချာလေ့လာမထားဘဲ စော်ကားသလိုမပြောပါနဲ့,3
ပထမဆုံး တွေ့ကတည်းက စွဲလန်းမိသွားတာ,2
ပန်းခြံထဲမှာ လမ်းလျှောက်ရတာ စိတ်ကြည်လင်တယ်,1
ပျက်စီးဆုံးရှုံးရတဲ့  ပြည်သူတွေအတွက် များစွာ   စိတ်မကောင်းဖြစ်မိပါတယ်,0
ပျော်စရာကြီးဟယ်,1
ပျော်​ပျော်ပါးပါးပဲ ဘာလို့ဆို ​ဘေးမှာ အမြဲစိတ်ချမ်းသာပြည့်စုံ​အောင်ထား​ပေးတဲ့ ​ယောကျာ်းရှိတာကိုး,1
ပျော်ရွှင်ချမ်းမြေ့စရာ စိန်ရတုမွေးနေ့ဖြစ်ပါစေ အမေ,1
ပျော်ရွှင်မှုနဲ့ ပြည့်နှက်နေသောနေ့,1
ပျော်ရွှင်သောမွေးနေ့ဖြစ်ပါစေ,1
ပျော်လိုက်တာ သူ့အတွက်ဘဲကြည့်နေတာဒီနှစ်,1
ပြင်ထားလို့သာပါအပြင်မှာမြင်ဘူးတယ်ဘညရုပ်မှမပေါက်ဘူးသာမန်ပဲ,5
ပြည့်စုံကြပါစေ,2
ပြည့်စုံနေတာဘဲကျေးဇူးတင်ပါတယ်ဆရာ ရှယ်ပါပြီ,1
ပြည်သူ့ကို လက်နက်အားကိုးနဲ့ လူမိုက်လုပ်နေတဲ့ အဆင့်သာရှိတယ်,3
ပြည်သူတွေစိတ်ဒုက္ခ ကို တန်ပြန်ခံစားနေရတာကိုကျေနပ်စရာ,1
ပြန်လိုချင်ပေမဲ့ မရနိုင်တော့တဲ့အတိတ်တွေ,0
ပြဿနာဆိုတာ မရှိတဲ့လူရယ်လို့ ဒီလောကမှာ မရှိပါဘူး,4
ပြုံးနေမိတယ် စိတ်ချမ်းသာလိုက်တာ ကြည့်ရတာ,1
ပြေလည်သွားမှာပါ ညီမလိုမှန်ကန်တဲ့လူတယောက်အတွက်အားလုံးအဆင်ပြေသွားမှာပါအားပေးနေပါတယ်စိတ်ဓါတ်မကျပါနဲ့နော်,0
ပြောစရာစကားလုံးတောင် မရှိတော့ဘူး,0
ပြောပါဦးဆိုပြီး လှည့်ပြောတာလေးက ချစ်စရာ,2
ပြောပါဦးဆိုပီး လှည့်ပြောတာလေးက ချစ်စရာ,2
ပလုတ်တုတ်,5
ပါးစပ်ပိတ်ထားစမ်း,3
ပိုင်ဆိုင်မှုနဲ့ အောင်မြင်မှုကိုလိုက်နေပြီး စိတ်ပျော်ရွှင်မှုကို မခံစားဖူးသူတွေ လောကကြီးထဲမှာ ဒုနဲ့ဒေးပဲ,0
ပုံကြည့်ပြီးစာဖတ်မိတာ မျက်ရည်ပါကျတယ် ကိုယ်ကမျက်ရည်ကျလွယ်သူမဟုတ်ပေမယ့် တိရိစ္ဆာန်နဲ့ပတ်သတ်ရင်စိတ်မခိုင်ပါလား,0
ပေါဆရာကြီး အကြည်တော်လည်းတည်တည်တန့်တန့်နဲ့ပေါတာလေ,1
ဖျင်မနိုင်ပဲ ပဲကြီးဟင်းစားလိုက်တဲ့ အကျိုးရလာဒ်ကို မြန်မာစစ်တပ် ဘယ်လိုဖြေရှင်းမလဲ MNDAAကို သူ့နေရာပြန်ပို့ဖို့ ဘယ်လိုမှ မဖြစ်နိုင်တော့ပါ ချီးနားရဲ့ ပြည်နယ် တွေဖြစ်သွားပါလိမ့်မယ် ,3
ဖြစ်စဉ်ကိုလည်း အားလုံးက ကျေနပ်ခြင်း မရှိဘူးလို့လည်း ဆိုပါတယ်,3
ဖြစ်ပျက်တရားကို မျက်မြင်ကြုံတွေ့လိုက်ရတော့ သူမကို အခုချိန်မှာ အကြောက်ဆုံ:က ဘာလဲလို့ မေးရင် သူမ တစ်ခုခုဖြစ်သွားမှာ အကြောက်ဆုံ:ပဲတဲ့,
ဖြစ်ပြီးရင်ပျက်မယ်ဆိုတာ​တွေကတစ်ကယ်ဖြစ်လာရပြီ,5
ဖြစ်လိုက်ရင် အဆန်းကြီးပဲ ပညာတွေလည်းရပါတယ်,5
ဖြစ်သင့်ပါတယ်နောင်လာနောက်သားတွေသင်ခန်းစာရစေပါတယ်,1
ဖြူစင်တဲ့ချစ်ခြင်းမေတ္တာတရားတွေပေးချင်တယ်,2
ဖြေးဖြေးလုပ်ကြပါဟယ် လန့်လိုက်တာ,4
ဖအေဖြစ်သူကလဲ တော်တော်ကျက်သရေတုန်းတာပဲ,3
ဖာသယ်မသား ထုပ်လိုက်တဲ့ ဥပဒေ,3
ဖုန်းက ဘာဖြစ်နေတာလဲ တကယ် စိတ်ပျက်ဖို့ကောင်းတယ်,3
ဖေလိုးမတွေ နင်တို့အားနေလို့ သွားမေးပြီးရင်လဲ လိုင်းပေါ်မတင်နဲ့,3
ဖောက်ပြန်ခံရမှာကို ကြောက်နေမိလို့ပါ,4
ဗျာ! ခင်ဗျား ပြောတာ တကယ်လား,5
ဗျာ! အခုပဲ ပြောပြီး အခုပဲ ပြောင်းလဲသွားတာလား,5
ဗိုက်ဝအောင်တောင် မနည်းရုန်းကန်နေရတဲ့ မြန်မာပြည်က အောက်ခြေလူတန်းစားတွေအတွက်တော့ လှောင်ပြောင်သံ တစ်ခုလိုပါပဲ,0
ဗုံးလာကြဲမှာ ကြောက်နေရတာ,4
ဘ၀မှာ ဒီလောက်ဆင်းရဲဖူးတာ ဘယ်တုန်းကမှ မဆင်းရဲဖူးဘူး,0
ဘ၀မှာ ဒီလောက်ပျော်တာ မှတ်မိသမျှ မဖြစ်ဖူးဘူး,1
ဘတ်စ်ကားပေါ်  စပါးကြီးမြွေတွေနဲ့ စီးနင်းနေတာရှိတာကြောင့် ခရီးသည်တွေ ကြောက်လန့် ဖယ်ပေးနေရ,4
ဘယ်ဘဝကရေစက်လည်းမသိဘူး သူလေးကိုတအားသဘောကျ လူလေးကလည်းကြာလေပိုလှလာလေ,2
ဘယ်လိုကြီးလဲ,5
ဘယ်လိုတောင် အဲ့လိုစကားတွေ ပြောထွက်နိုင်ရတာလဲ တကယ်ကို မထင်ထားဘူး,5
ဘယ်လိုနေနေလှတယ် ဖြူဖြူ ညိုညို အရမ်းချစ်,2
ဘယ်သူ့ကိုမှ စကားမပြောချင်တော့ဘူး,0
ဘယ်သူဘက်က ရက်စက်တာမှ မမြင်ချင်မကြားချင်တော့ဘူး ကိုယ့်နိုင်ငံသားတွေ ကိုယ့်လူမျိုးချင်းတွေပါ မြန်မြန် ငြိမ်းချမ်းပါတော့,0
ဘယ်သူ မြှောက်ပေးလိုက်တာလဲ ဝေ့,5
ဘယ်အချိန်စချစ်လဲတော့ သေချာမသိတော့ပေမယ့် တဖြည်းဖြည်းနဲ့ အများကြီးချစ်လာတာတော့ သေချာပါတယ်,2
ဘယ်အချိန်ထိ ချစ်ပေးနိုင်မလဲ မသိပေမယ့် ချစ်ပေးနိုင်တဲ့အချိန်တွေမှာတော့ အကောင်းဆုံးချစ်ပေးတယ်,2
ဘဝက တကယ်ကို ခါးသီးလွန်းပါတယ်,0
ဘဝက မလုံခြုံ မသေချာ မရေရာ တအားရုန်းကန်ရတယ်,4
ဘဝကြီးက ခြောက်ကပ်နေပြီး အဓိပ္ပါယ်မဲ့သလို ခံစားရတယ်,0
ဘဝကြီးက အရမ်းပင်ပန်းဖို့ကောင်းတယ် လက်လျော့လိုက်ချင်ပြီ,0
ဘဝက အဓိပ္ပာယ်ရှိလာတယ်လို့ ခံစားလာရပြီး,2
ဘဝနေဝင်ချိန်ရောက်တဲ့အခါ တစ်နေ့တော့ ခွဲကိုခွဲရဦးမှာပါ,0
ဘဝမှာ နေရတာ အရမ်းခက်ခဲနေလို့ပါ အဖက်ဖက်က အဆင်မပြေနေပါဘူး,0
ဘဝမှာနေလာရင်းနဲ့ လူတွေကို အံ့ဩရလွန်းလို့,5
ဘဝမှာ ပထမဆုံးအကြိမ်ပဲ,5
ဘဝမှာ အပျော်ရွှင်ရဆုံးအချိန်ကိုပြောပါဆိုရင် မိဘလိုအပ်တာမှန်သမျှကို ဖြည့်ဆည်းပေးခွင့်ရတဲ့အချိန်ရယ် မိဘစားချင်တာလေးတွေဝယ်ကျွေးရတဲ့အချိန်ရယ်ကို အပျော်ဆုံးဘဲ ,1
ဘဝမှာ အရာသေးသေးတွေနဲ့ ပျော်ရွှင်အောင်နေထိုင်ပါ,1
ဘဝမှာ အရေးကြီးဆုံးက မုန်းတီးမှု မဟုတ်ပါဘူး,3
ဘဝရဲ လိုအပ်ချက်တွေကို လုံလောက်နေပေမယ့် လိုချင်တာများနေရင် ဘယ်တော့မှ ပျော်ခွင့်မရနိုင်ပါဘူး,0
ဘာကြောင့်မှန်းမသိဘဲ ငိုချင်နေမိတယ်,0
ဘာကြောင့်မှန်းမသိဘဲ စိတ်ထဲမှာ လေးလံနေတယ်,0
ဘာတွေပဲဖြစ်လာပါစေ မင်းလက်ကို ငါ အမြဲ ဆုပ်ကိုင်ထားမယ်,2
ဘာတွေ ဖြစ်လာဦးမလဲ မတွေးရဲဘူး,4
ဘာနေနေ မျက်နှာမြင် အသံကြားတာနဲ့ အော်တိုရီပြီးသားပဲ,1
ဘာပြောရမှန်းတောင်မသိဘူး အံ့သြ,5
ဘာပဲဖြစ်လာဖြစ်လာ အမေ့ရင်ခွင်ထဲ ခေါင်းထိုးအပ်ပြီး ဖက်ငိုလိုက်ရရင်ကို အရာအားလုံးအဆင်ပြေသွားတော့မယ်ဆိုတဲ့အထိ လုံခြုံနွေးထွေးရမှုတွေဟာ အမြဲတမ်း ကျေးဇူးတင်စရာတွေပေါ့,
ဘာဖြစ်မယ်မှန်း မသိရတာက ပိုပြီး ကြောက်ဖို့ကောင်းနေတယ်,4
ဘာဖြစ်လို့ ဒီလောက်တောင် မြန်မြန်ဆန်ဆန် ပြီးသွားရတာလဲ,5
ဘာ မင်းက အဲ့လိုပြောလိုက်တယ် ဟုတ်လား,5
ဘာမဆို ဖြစ်သွားနိုင်တယ်ဆိုပေမယ့်လဲ ကိုယ့်အခြေနေ ကိုယ်ပဲသိတယ်,0
ဘာမှ ပြန်ပြင်လို့ မရတော့ဘူးဆိုတာ သိလိုက်ရလို့ ဝမ်းနည်းပြီး စိတ်ပျက်အားလျော့နေမိတယ်,0
ဘာမှ မမြင်ရတော့ဘူး တကယ် ကြောက်ဖို့ကောင်းတယ်,4
ဘာမှလုပ်ချင်စိတ် မရှိတော့ဘူး အားငယ်နေတယ်,0
ဘာရယ်မဟုတ်ပျင်း တာနဲ့ ကြည့်လိုက်မိတာ ကြေ ကွဲသွားတာပဲ,0
ဘာလို့ထောင်ထဲမထည့်လိုက်လည်အဲ့ကောင်တွေကိုလွတ်ထားရင်နောက်ဖြစ်လာဦးမယ်,3
ဘာလုပ်ရမှန်းမသိတဲ့ မရေရာမှုကို ပိုပြီး ကြောက်လန့်ကြပါတယ်,4
ဘာလုပ်လုပ် စိတ်မပါတော့ဘူး အားငယ်စိတ်တွေပဲ ဝင်နေတယ်,0
ဘာလုပ်လုပ် စိတ်မပါတော့ဘူး အားငယ်နေမိတယ်,0
ဘာလေးပဲ ပေးပေး တကူးတက ပေးတဲ့ အရာလေးတွေက ပျော်ရွှင်ရတယ် စိတ်အေးချမ်းစေတယ် ချစ်တယ်ဆိုတဲ့ အရာကို ခံစားမိတယ်,2
ဘာအခက်ခဲပဲကြုံကြုံမင်းဘေးနားမှာအမြဲရှိနေပေးမယ်,2
ဘာအလုပ်မှ မယ်မယ်ရရမရှိဘဲ ဒီလိုနေနိုင်တာက သခိုးတွေမို့ပါ,3
ဘာဥပဒေထုတ်ထုတ်သူတို့စားပေါက်ချည်းပဲ မအလများ,3
ဘုရား ဘုရား ဘေးကင်းကြပါစေ,4
ဘုရားရေ,5
ဘုရားရေအဲတာလူတွေအသက်ပါ,0
ဘုရားအရိပ်ကမရှိတဲ့သူတွေဝင်ရောက်နားခိုလို့မရဘူးပေါ့အဲ့လူကြီးလုပ်ပုံက,3
ဘေးကင်းကျန်းမာကြပါစေ,2
ဘေးကင်းပါစေ,2
ဘေးနားမှာ လူရှိမှ စိတ်ချရမယ်,4
မကျေနပ်မှုတွေလို့ ပြောရင် ဒါဟာ လက်ရှိအခြေအနေတွေလည်း ပါဝင်နိုင်သလို တခါတလေတော့လည်း ဟိုးအရင်ကတည်းက စုစုလာတဲ့ အကြောင်းတရားတွေ ပါတယ္်,3
မကြည့်ရက်ဘူး အဲ့လိုကားတွေဆို အပြင်မှာတောင် လမ်းသွားရင် မြန်မာအလုပ်သမားတွေတွေ့ရင် ခံစားရလွန်းလို့,0
မကြားဖူးတာတွေဟယ် သနားလိုက်တာ,5
 မကောင်းတဲ့သူနဲ့တွေ့ရင် မုန်းမနေပါနဲ့,3
မကောင်းတဲ့ အိပ်မက်တွေ မက်မှာ စိုးတယ်,4
မချစ်ခဲ့လို့ ပြန်လာမခေါ်တာ နေမှာပါလေ,0
မ​ခြောက်ခင်ကတည်းက ​ကြောက်​လန့်နေရတာ,4
မငိုပဲ့နဲ့မျက်ရည်ကျရတာ,0
မင်းက ငါ့ဘဝရဲ့ တစ်ဦးတည်းသော အချစ်ပါ,2
မင်းက ငါ့အတွက် အမြဲတမ်း ပထမပဲဆိုတာ ယုံပေးပါ,2
မင်းက တကယ့်ကို အသုံးမကျတဲ့ ကောင်ပဲ,3
မင်းက ပျော်အောင်နေတတ်ပါတယ်,1
မင်းက ဘာမို့လို့ ငါ့ကို လာပြောနေတာလဲ,3
မင်းကို ချစ်တာ တိုင်းလို့မရဘူး,2
မင်းကို ချစ်တဲ့စိတ်က ဘယ်တော့မှ မပြောင်းလဲဘူး,2
မင်းကို ငါ အယုံအကြည် မရှိတော့ဘူး,3
မင်းကို တစ်နေ့ထက်တစ်နေ့ ပိုပြီးတော့ မြတ်နိုးလာမိတယ်,2
မင်းကို တွေ့ရတာ ငါ့အတွက် စိတ်ချမ်းသာစရာပဲ,2
မင်းကိုတွေ့ရတာ ငါ့အတွက် အကြီးမားဆုံး ဆုလာဘ်ပဲ,2
မင်းကို တွေ့လိုက်ရတာနဲ့တင် ပင်ပန်းတာတွေ ပျောက်သွားတယ်,2
မင်းကို တွေ့လိုက်ရတိုင်း ရင်ထဲမှာ တကယ် ကြည်နူးရတယ်,2
မင်းကို ပိုပြီးတော့ ချစ်လာမိတာ တစ်နေ့ထက်တစ်နေ့ မရိုးနိုင်ဘူး,2
မင်းကို ဘယ်တော့မှ လက်လွှတ်မှာ မဟုတ်ဘူး,2
မင်းကို မြင်ရရင် အားလုံး ပြည့်စုံသွားပြီ,2
မင်းကို သတိရနေတာ နေ့တိုင်းပဲ,2
မင်းကို အမြဲတမ်း လွမ်းနေမှာပါ,2
မင်း ငါ့ကို ဒီလို ပြောရဲတယ်ပေါ့လေ ဟုတ်လား,3
မင်းစိတ်ကျေနပ်မှုသည် ငါ့ပျော်ရွှင်မှုပဲ,2
မင်းတစ်ယောက်တည်းကိုပဲ ရွေးချယ်ပြီး ကြည့်နေမိတာက ကိုယ့်ရဲ့အချစ်ပါ,2
မင်းတို့ ဘယ်လောက်ပဲ ပြောပြော ကိုယ်ပြုတဲ့ကံအတိုင်း ကိုယ်ထံပဲပြန်လာမှာ နောက်ဘဝ မကူးဘူး ,3
မင်းတို့ဘာလုပ်လုပ်နောက်ဆုံးကြပြည်သူဘဲဒုက္ခရောက်တာအဖတ်တင်တယ်တော်လှန်ရေးကိုအထင်မကြီးဘူးအားလုံးလုပ်စားတွေကြီးဘယ်ပြည်သု့ချဉ်ဖတ်ဖြစ်နေပြီ,3
မင်း ဒါကို သိနေတာလား,5
မင်းနဲ့ စကားပြောရတာ စိတ်ချမ်းသာဖို့ကောင်းတယ်,2
မင်းနဲ့ဆိုရင် ဘယ်ဘ၀ကိုမဆို နေရဲတယ်,2
မင်းနဲ့အတူ အိုမင်းသွားချင်တယ်,2
မင်း ဘာတွေ လုပ်နေတာလဲ,3
မင်မင်တို့စားတာ ကြည့်မှ ကိုယ်လည်း ဘာချက်ချက် အစား၀င်,1
မင်းမရှိတော့တဲ့အခါအရင်ထက်ပိုပြီး မှောင်မိုက်သွားမလားလို့ တွေးပြီး ကြောက်လန့်မိပေမဲ့,4
မင်း မရှိရင် ငါ့ဘဝက အဓိပ္ပာယ်မဲ့နေသလိုပဲ,2
မင်းရှိနေရင် ငါ့ကမ္ဘာလေးက သာယာတယ်,2
မင်းရဲ့ ကြင်နာမှုတွေကို ဘယ်တော့မှ မမေ့ဘူး,2
မင်းရဲ့ စကားလုံးလေးတွေက ငါ့အတွက် အားဆေးပဲ,2
မင်းရဲ့ နွေးထွေးတဲ့ ဂရုစိုက်မှုတွေကို တန်ဖိုးထားတယ်,2
မင်းရဲ့ ပျော်ရွှင်မှုက ငါ့ရဲ့ ပျော်ရွှင်မှုပဲ,2
မင်းရဲ့ လက်ကလေးကို ကိုင်ထားရတာ နွေးထွေးတယ်,2
မင်းရဲ့ အကြောင်းလေး ခေါင်းထဲရောက်လာတာနဲ့တင် တစ်ယောက်ထဲ ပြုံးနေရလောက်တဲ့အထိ ချစ်တယ်,2
မင်းရဲ့ အပြုံးလေးက ကိုယ့်အတွက်တော့ အရာအားလုံးပဲ,2
မင်းရဲ့ အပြုံးလေးကို မြင်ရတာနဲ့တင် ကျေနပ်နေရတဲ့သူပါ ,2
မင်း လုပ်ရပ်က တကယ်ကို ရွံစရာကောင်းတယ်,3
မင်းလေးမို့လို့ ကို အလိုလိုက်တာ အရမ်းမဆိုးနဲ့,2
မင်းဟာ ကိုယ့်အတွက်တော့ အစားထိုးလို့မရတဲ့ တစ်ဦးတည်းသောလူပါ,2
မင်းဟာ ငါ့ဘဝရဲ့ နေမင်းလေးပါပဲ,2
မင်းအတွက်ဆိုရင် ဘာမဆို လုပ်ပေးဖို့ အဆင်သင့်ပဲ,2
မင်းအတွက် အကောင်းဆုံးတွေပဲ ဖြစ်စေချင်တယ်,2
မင်းအနားမှာ ရှိနေရင် စိတ်တွေ တကယ် အေးချမ်းတယ်,2
မင်းအနားမှာ ရှိနေရင် ဘာမှမလိုတော့ဘူး မင်းကို အရမ်းသတိရတယ် သိလား,2
မင်း အပြုံးတစ်ချက်က ငါ့ပင်ပန်းတာ အားလုံးပျောက်သွားတယ်,2
မင်္ဂလာနံနက်ခင်းပါ ဒီနေ့တစ်နေ့လုံး ကံကောင်းခြင်းတွေ ပျော်ရွှင်မှုတွေ ငြိမ်းချမ်းမှုတွေ အားလုံးရရှိကြပါစေ,2
မစီးရဲပါဘူး​နော် ပြုတ်ကျသွားရင်ကြောက်စရာကြီး,4
မဆုံးရှုံးချင်စိတ် မပြောင်းလဲစေချင်စိတ်တွေကပဲ သောကတွေကို ကြီးထွားစေပါတယ်,4
မတတ်ရသေးတဲ့တက္ကသိုလ်တောင် လွမ်းသလိုဖြစ်သွားတယ် တော်ကောင်းပါတယ်အရေးအသား,0
မတရားတာကို မတရားပဲ ပြောရမှာ,3
မထင်မှတ်ထားတဲ့ သတင်းပဲ,5
မထင်မှတ်ဘဲ တွေ့ရတာ ဝမ်းသာစရာပါတယ်,5
မထိရက်မကိုင်ရက်စရာ အရုပ်မလေးပါကွယ်,2
မနက်ခင်းနိုးထတိုင်း စိတ်နှလုံး သာယာ ရွှင်လန်းနိုင်ပါစေ,1
မနက်ဖြန်ကိုမတွေးချင်လောက်အောင်စိတ်ပင်ပန်းတာတွေ ,0
မနေ့တစ်နေ့ကမှ ပေါ်တာလေဗျာ ဘယ်လိုဖြစ်ရတာလဲ,5
မနောက်နဲ့နော်,5
မပျော်ဘူး အခု နေလို့လည်း အဆင်မပြေဘူး အရမ်းလည်း ပင်ပန်းတယ် အမြဲတမ်းလည်း မျက်ရည်ကျနေရတယ်,0
မပြောခဲ့တဲ့ စကားတွေ မထုတ်ပြခဲ့တဲ့ ခံစားချက်တွေ နောက်ကိုပို့ထားတဲ့ နာကျင်မှုတွေဟာ ကိုယ့်ဆီကို တိတ်တိတ်လေး နေရာယူ ကိုယ့်စိတ်အတွင်းထဲတင် ကြီးထွားနေတတ်သေးတယ်,3
မဖြစ်နိုင်တာ​တွေ,5
မဖြစ်နိုင်ပါဘူးဟယ် ဟုတ်လို့လား,5
မမကလဲ မောင်နဲ့တွေ့ဖို့ အဲ့လောက် ပြင်လာစရာမလိုပါဘူးဆိုဗျ မောင်က မမ ဘယ်လိုနေနေ ချစ်ပြီးသား,2
မမျှော်လင့်ထားဘူးလေ ငါဖြင့်ရယ်တောင်မရယ်နိုင်ဘူး,5
မမျှော်လင့်ဘဲ ဆုရသွားလို့ အံ့သြသွားတယ်,5
မမျှော်လင့်ဘဲနဲ့ ဆုံလိုက်ရတာ ဝမ်းသာစရာပဲ,5
မမျှော်လင့်ဘဲ ပြန်ဆုံရတာ တကယ်ကို အံ့သြဝမ်းသာဖြစ်ရတယ်,5
မမရေ အတူမနေရတဲ့ညီမလေးတောင် ညက ရောတညလုံး စိတ်ထဲတမျိုးကြီးပဲ ခံစားရတာ ဘုရားစူးပါ ငိုချင်မိတာအရမ်းပဲ,0
မယုံနိုင်စရာ ကောင်းလောက်အောင် တော်တာပဲ,5
မျက်တောင် တစ်ခတ်အတွင်းမှာပဲ ပြောင်းလဲသွားတာပဲ,5
မျက်နှာကအဲလောက်အိုသွားတာလား,0
မျက်နှာမှာ အပြုံးတွေ မပျက်နိုင်လောက်အောင်ကို ပျော်နေတာပါ,1
မျက်နှာမှာ အပြုံးတွေ မပျက်နိုင်အောင် ဖြစ်နေတယ်,1
မျက်ရည်ကျလောက်အောင် ဝမ်းနည်းရတယ်,0
မျက်ရည်တွေတောင် မဆည်နိုင်အောင် ဝမ်းနည်းရတယ်,0
မျက်လုံးအကြည့်တွေကအေးချမ်းတယ်နော်,2
မျှဝေဖေးကူတို့အတူ,2
မျှော်လင့်ချက်တွေ ကုန်ဆုံးသွားပြီ,0
မျှော်လင့်ချက်တွေ ပျက်သုဉ်းသွားသလိုပဲ,0
မျှော်လင့်ချက်တွေအကုန် ကုန်ဆုံး ပျက်သုဉ်းသွားသလိုပဲ,0
မျှော်လင့်ချက်တွေ အကုန် ပျောက်ဆုံးသွားပြီ,0
မျှော်လင့်ချက်မရှိတော့တဲ့ ခံစားချက်ကြီးက ပြောမပြတတ်အောင်ခက်တယ်,0
မျှော်လင့်ချက်ရောင်ခြည်လေး မြင်လိုက်ရသလိုမျိုး ရင်ထဲမှာ လန်းဆန်းသွားတာပဲ,1
မျှော်လင့်ထားတာထက် ပိုကောင်းလို့ ဝမ်းသာမိတယ်,1
မျှော်လင့်ထားတဲ့အတိုင်း ဖြစ်လာလို့ ဝမ်းသာလွန်းလို့ ခုန်တောင် မိတော့မယ်,1
များစွာစိတ်မကောင်းခြင်းဖြစ်ရပါတယ်ဆရာရယ် မြင့်မြတ် ငြိမ်းချမ်းရာဘုံဘဝမှာ အေးချမ်းစွာ အနားယူပါတော့နော်,0
မျောက် အုံးသီး ရထားသလို ဘယ်က စခွါရမှန်း မသိဘူး ဖြစ်နေတာ,5
မြင်ရတဲ့ပုံကိုကြည့်ပြိီလက်နှက်အားကိုးအနိုင်ကျင့်သူတွေကိုမုန်းလိုက်တာ,3
မြန်မြန်လေး ခွေးသူတောင်းစားကို သုတ်သင်ပေးကြပါ,3
မြန်မာစကားမှာ ရှိတော့ရှိတယ်ရှားတယ်ဆိုတဲ့ စကားတစ်ခွန်းနဲ့တောင်မလုံလောက်ပါဘူး အလားတူမရှိသလောက်ရှားတယ်လို့ကိုပြောရ မှာပါ,5
မြန်မာတွေကအယူတောတော့ကြီးတာဘဲ,5
မြန်မာပြည်ပြန်ရင်ငါရူးသွားမလားမသိဘူး,3
မြန်မာပြည်အ‌ခြေနေကသေနတ်ခိုင်ထားတဲ့လူမှန်သမျှကိုကြောက်ရတယ်,3
မြွေတွေကို မကြည့်ရဲဘူး,4
မြို့တွေက လူသူကင်းမဲ့သွားပြီး လမ်းတွေကဟာ ခြောက်ကပ်သွားလေ့ရှိပါတယ်,0
မြိုသိပ်ထားရတာ နေသားကျနေပါပြီ,0
မြေသူခိုး နှစ်ကောင်ပေါင်း လူတွေ ဒုက္ခပေးနေတာ,3
မလွတ်တန်းကြည့်ခဲ့ အားပေးခဲ့တာ အခုလိုအကယ်ရမီဆုကြီးရတော့ဝမ်းသာပါတယ်ဗျာ,1
မွှေးနေတာပဲ့အနံ့လေးကစားချင်စရာ,1
မွေးနေ့မှာ သူငယ်ချင်းတွေ အားလုံး လာကြလို့ ပျော်တယ်,1
မသိရင် ငါ့ကို တစ်ယောက်ယောက် ကြည့်နေသလိုပဲ,4
မှားသွားမှာကို စိုးရိမ်လို့ ဘာမှမလုပ်ရဲတော့ဘူး,4
မှီခိုရတာ မကြိုက်တဲ့လူပေမယ့်လည်း ချစ်တဲ့စိတ်ကလေးကြောင့်ဘဲ ကိုယ့်ရဲ့အရာရာကို အရင်ဆုံးမျှဝေချင်တာ မင်းဖြစ်လာတယ်,2
မှောင်နေတဲ့ လမ်းထဲမှာ လျှောက်ရတာ ကြက်သီးတောင် ထတယ်,4
မအလ ဆိုတဲ့အကောင် အကုသိုလ်ပေးဘို့လူဖြစ်လာတာ,3
မိတ်ဆွေသူငယ်ချင်းတွေ အကုန်ပြန်ဆုံရတာ တကယ့်ကို ကြည်နူးစရာပဲ,1
မိန်းကလေးချင်းတူတာတောင် ဘာလို့ချစ်စရာကောင်းနေရတာလဲမမရယ်,2
မိန်းမကိုရိုသေအသက်ရှည်,2
မိန်းမရဲ့ အချစ်ကမှ ထာဝရပါ,2
မိဘကိုလုပ်ကျွေးနေတဲ့ကုသိုလ်စိတ်ကြောင့်ဘေးအပေါင်းမှလွတ်ညိမ်းချမ်းသာကြပါစေ,2
မိဘတွေကို ဆေးမှန်မှန် တိုက်နိုင်ရုံနဲ့တင် သင်ဟာ တကယ်ကို ကံကောင်းနေသူတစ်ယောက်ပါ,2
မိဘများသည် ကျွန်တော်နှစ်သက်ခြင်းကို မြင်၍ သဘောကျရှာသည်,2
မိမိကိုယ်ကို မိမိသိခြင်းသည်ပညာ မှတ်သားရပါသည် ဆရာကြီးကျန်းမာအသက်ရှည်စိတ်ချမ်းသာပါစေ,2
မိသားစုတွေအားလုံးပျော်ရွှင်သောနှစ်သစ်ဖြစ်ပါစေ,1
မိသားစုနဲ့ ကွဲကွာနေရတာ အထီးကျန်တယ်,0
မိသားစုနဲ့ခွဲရတာဘယ်လောက်နာကျင်လဲဆိုတာခံစားဖူးမှသိတယ်,0
မိသားစုနဲ့ ပြန်ဆုံနိုင်တာ ပျော်ရတယ်,1
မိသားစုနဲ့အတူရှိရတာ တကယ့်ကို ကြည်နူးဖို့ကောင်းတယ်,1
မိုက်ရိုင်းလိုက်တာ လူစိတ်ကော ရှိကြသေးလား,3
မိုးရွာတာကို ကြည့်ပြီး ကော်ဖီသောက်ရင်း စာဖတ်ရတာ ငြိမ်းချမ်းလို့ တကယ်ကြိုက်တယ်,1
မိုးရွာနေတာကို ကြည့်ရင်း အလိုလိုနေရင်း ဝမ်းနည်းမိတယ်,0
မုန့်စားရတာ အရမ်းပျော်ဖို့ကောင်းတယ်,1
မုန်တိုင်းလာတော့မယ်ဆိုတော့ ကြောက်တာပေါ့,4
မုန်းတီးမှုတွေကို ကိုယ်ထဲမှာ သယ်ယူနေရင် အဲ့ဒါက အခြားသူတွေထက် ကိုယ့်ကိုယ်ကို ပိုပင်ပန်းစေပါတယ်,3
မေတ္တာနဲ့စေတနာကိုအရင်းခံတဲ့စွမ်းအားကသေမဲ့သူကိုတောင်အသက်ရှင်စေပါတယ်ဘုရားသခင်သာ၍အသုံးပြုပါစေ,2
မေသဇင်ချစ်လေးဒီလောက်တော်မယ်မထင်ထားဘူးအခုတော်နေရောချစ်လိုက်တာ,2
ယဥ်ကျေးပျူငှာမှုမရှိဘဲ ရိုင်းစိုင်းတဲ့ အပြောအဆို အမူအရာတွေကို ပေါ်ပေါ်ထင်ထင်ပြုလုပ်တတ်တာ,3
ယုံကြည်ထားသမျှ ရုတ်တရက်ကြီး အတူတူရှေ့ဆက်ဖို့ မဖြစ်နိုင်တော့လဲ ရင်ထဲမှာ ဟာခနဲ ဟင်ခနဲပဲ အရမ်းကို အသဲကွဲခဲ့တယ် မရှေးမနှောင်းပါပဲ ရုတ်တရုတ်ကြီး မျှော်လင့်မထားပဲ ပြုန်းစားကြီး မောင်လေးက လွတ်လာရော,5
ရက်စက်လိုက်ကြတာကွယ်,4
ရက်စက်လိုက်တာ ဗျား,0
ရက်ဆက်ယုတ်မာလိုက်တာကွာ,3
ရင်တွေလည်းကွဲပါတယ် စိတ်ဓာတ်တွေပါ ကျပါတယ်,0
ရင်ထဲမှာ တကယ်ကို ဝမ်းနည်းမိတယ်,0
ရင်ထဲမှာ တင်းကျပ်နေတာပဲ,0
ရင်ထဲမှာ တဒိတ်ဒိတ်နဲ့ ကြောက်စိတ်တွေ ဝင်နေတယ်,4
ရင်ထဲမှာ ဟာလာဟင်းလင်း ဖြစ်နေသလိုပဲ ,0
ရင်နာမဆုံး ဝမ်းနည်းလို့မဆုံပါဘူး အဲဒီအဘအတွက်,0
ရင်ပွင့်သွားအောင် ပြောပြချင်တာ သူမှမရှိတော့တာ,0
ရင်ဘတ်ထဲမှာ တစ်ခုခုနဲ့ အဖိခံထားရသလို လေးလံနေတယ်,0
ရလဒ်တွေ ထွက်လာတော့မယ့် အချိန်က အကြောက်ဆုံးပဲ,4
ရှိနေတဲ့ ချိန်တိုင်း မင်းကိုမေ့မနေနိုင်ဘူး,2
ရအောင် ရုန်းထွက်ပါ ခံစားရလဲ အဆုံးထိ သွားပီး ထွက်လိုက်ပါ ကိုယ်ချင်းစာတယ်,0
ရိက္ခာ ဖူလုံကြပါစေ,2
ရိုးသားစွာ ပြောတဲ့အခါ လူတွေက သင့်ကို လျစ်လျူရှုသွားတာ ကြုံဖူးလား,0
ရီလိုက်ရတာဗျာပင်ပန်းတာတွေပါပျောက်တယ်,1
ရုတ်တရက်ကြည့်လိုက် သီလရှင်မှတ်နေတာ,5
ရုတ်တရက်ကြီး ဒါတော့ သူတို့က တစ်ခုခု တမင်လုပ်တာလည်းဖြစ်နိုင်တယ်,5
ရုတ်တရက်ကြီး ဒီလိုဖြစ်သွားတာ အံ့သြစရာပဲ,5
ရုတ်တရက်ကြီးမလုပ်တော့ဘူးပြောတော့ ငါဘက် ကလက်မခံနိုင်ဘူးဖြစ်နေတာ,5
ရုတ်တရက်ကြီး အော်လိုက်တော့ တကယ်ကို ထိတ်လန့်သွားတာပဲ,5
ရုတ်တရက် မီးတွေ ပွင့်လာတော့ လန့်သွားတာပဲ,5
ရုပ်ရည်လည်းလှစိတ်လည်းလှသူလေးပါ,2
ရုပ်ရှင်ကြည့်ရတာ အရမ်းစိတ်ဝင်စားဖို့ကောင်းတယ်,1
ရူးတော့မရူးသေးဘူးအာချောင်တာတော့ကူးလာပြီ,1
ရေစက်တွေလည်းကုန်ခဲ့ပြီ,0
ရေနစ်မှာကို သေမတတ် ကြောက်တယ်,4
လက်ဆောင်အတွက် ကျေးဇူးအများကြီးတင်ပါတယ်,1
လက်တွေ အေးစက်နေပြီ,4
လက်မှတ်ကအင်တွေစမတွေနဲဗျာ  ပင်လယ်ကိုဦးရှင်ကြီးပိုင်တဲ့အဖွဲကဘဲဖြစ်မယ်,5
လက်ရှိရောက်နေတဲ့ နေရာနဲ့ ရှေ့မှာရှိနေတဲ့ အရာတွေက ငါ့အတွက် အကောင်းဆုံးပါပဲ,0
လန့်စရာကြီး မ ရယ်,4
လမ်းတောင်ကောင်းကောင်း မလျှောက်နိုင်ဘူး,0
လမ်းမှာ တစ်ခုခုဖြစ်သွားမှာစိုးတယ်,4
လျှပ်စစ်မီး ပြတ်သွားတိုင်း အမှောင်ထဲမှာ တစ်ယောက်တည်း နေရတာ အရမ်းလန့်ဖို့ကောင်းတယ်,4
လျှပ်စီးလက်တာ မြင်ရင် ကြောက်လွန်းလို့ ပုန်းနေမိတယ်,4
လွတ်ချင်လည်းလွတ်လိုက်လေကြိုးနဲ့ဖောက်ချဉ်ထားတော့နာနေမှာဘဲဘာထူးလို့လည်း,3
လွန်စွာဝမ်းနည်းရပါတယ်,0
လွန်တာပေါ့မကြီးမငယ်နဲ့,5
လွမ်းလွန်းလို့ ရင်ထဲမှာ ဟာနေတာပဲ,0
လှလိုက်တာစိတ်ကူးနဲ့သွားကြည့်ရတာကအခါခါ,1
လှူပါမယ်,2
လိ့ပဲ လင်းကြပါဦးဟ ဘာပွဲမှန်းကိုမသိသေးတာ,5
လိုချင်တာတွေရခဲ့တာအကျေနပ်ဆုံးဘဲ,1
လိုချင်တာလေး ရသွားပြီ,1
လုပ်ချင်တာ လုပ်ရရင် အပျော်ဆုံးဘဲ,1
လုပ်နေကျအရာတွေထဲမှာ လုပ်နေကျအရာတွေထဲမှာ,1
လုပ်ရက်တာနော်  ဒင်းတို့က ပိုက်ဆံ ရရင်ပီးရော သူများတော့ဘယ်လိုဘဝရောက်ရောက် အဲ့ အေးဂျင့် တွေ မုန်းလိုက်တာ,3
လူကြည့်တော့ စောက်သက်တွေက သေသေတော့မယ် စောက်ကျပ်က မပြည့်,3
လူကြားထဲမှာ အရှက်ခွဲခံရတာကို ဒေါသထွက်ဆုံးပဲ ကိုယ်ချင်းစာစိတ်ကို မရှိတဲ့ဟာ,3
လူကြီးလူကောင်းလို့ထင်ခဲ့တာ သတင်းတွေထွက်မှမဟုတ်ဘူးဖြစ်နေတယ်,5
လူကြောက်တတ်တဲ့စိတ် ကိုယ်လဲဖြစ်တယ် ကိုယ်ရဲ့ အားနည်းချက်တွေကို ကိုယ့်ကို ထိခိုက်လှောင်ပြောင်မှာ စိုးရိမ်လို့ကြောက်တာ,4
လူကိုသိနေပြီးမှဘာမှလုပ်မရဘူးလား,3
လူငယ်တွေအတွက်ကျေးဇူးပါ,1
လူစိတ်မရှိတဲ့ဟာတွေ ဝဋ်ကနောက်ဘဝမကူးဘူး အကုန်သေကြပါစေ,3
လူစိမ်းတွေနဲ့ စကားပြောရမှာကို ကြောက်တယ်,4
လူဆိုးမ ကိုယ်လဲမွေးထားပြီးကိုယ်ချင်းမစာတာ,3
လူတချို့ရဲ့ အကြောင်းကို သိလိုက်ရတဲ့အခါ တိတ်တိတ်လေး ထိုင်အံ့ဩနေရုံကလွဲပြီး ဘာမှမလုပ်ချင်တော့ဘူး,5
လူတစ်ယောက်က အနိုင်ကျင့်စော်ကားလိုက်ရာတွင် အသားများဆတ်ဆတ်တုန်အောင် ဒေါသထွက်သည်နှင့် ထိုသူကို သတ်မည်ဟု ကြုံးဝါးလိုက်သည်,3
လူတစ်ယောက်ကို ကူလိုက်လို့ အဲ့လူကလဲ တစ်ခြားလူတွေကို အကူညီပေးလိုက်လို့ အဆင်ပြေသွားရင် ကျေနပ်ရတယ်,5
လူတစ်ယောက်ကိုချစ်ပြီဆို သူ့ကိုပဲချစ်တယ် သူ့အတွက်ပဲအရာရာ သူ့အပေါ်ပဲစိတ်နှစ်ထားတယ်,2
လူတွေကြားထဲမှာ ရှိနေပေမဲ့ တကယ်တော့ ငါတစ်ယောက်တည်းပါ,0
လူတွေရဲ့ အတောမသတ်နိုင်တဲ့ လောဘတွေအကြောင်း ပိုသိလာတယ်ဆိုတာ,3
လူမကြောက်ဖူးသေမှာကြောက်တယ်,4
လူမှ ဟုတ်ကြရဲ့လားကွာ,5
လူမှုရေးနားလည်မှုမရှိတဲ့လူတွေ အပြောအဆိုမတတ်တဲ့လူတွေကြောင့် စိတ်ညစ်ရတယ်,3
လူယုတ်မာဟယ် ဖတ်ရင်းစိတ်တွေတိုတာ,3
လူယုံသတ်လို့သေကြတဲ့ဘဝအများကြီးပါ,4
လူရုပ်မာစရိုက်သွေးဆိုးစရိုက်တွေ,3
လူလိမ်နောက်ကိုတော့ လူအုပ်ကြီး တစ်သဲသဲ လိုက်သွားတာကို မြင်ပြီး ဒေါသထွက်ဖူးပါသလား,3
လူသားတိုင်းအတွက် အသက်ရှည်ရှည် အနာမဲ့ပြီး သက်ရှည်ကျန်းမာဖို့ အလိုအပ်ဆုံးပါ,2
လူအချင်းချင်းလုပ်ရက်ကြယုတ်မာလိုက်ကြတာ,0
လူအများကြီးရှေ့မှာ စကားပြောရမှာကို တကယ် ကြောက်နေမိတယ်,4
လူ့အသက်တချောင်းကယ်လိုက်တာပါပဲအကိုလေးစားပါတယ်,1
လူအုပ်ကြီးထဲမှာ နေရတာ အသက်ရှူကျပ်ပြီး ကြောက်တယ်,4
လေးနှစ်တာ သံယောဇဉ်ကြိုးလေးတစ်မျှင် ပြတ်တောက်ခဲ့ပြီကွယ်,0
လေယာဉ်စီးရတာကို အရမ်းစိုးရိမ်တယ်,4
လောကမှာ ကောင်းတဲ့သူနဲ့တွေ့ရင် ပျော်ရွှင်မှုကို အတူတူ ခံစားလိုက်ပါ,1
လောကမှာ လူအများစုက “မနက်ဖြန်တစ်နေ့မှာတော့ ပိုကောင်းမှာပဲ” ဆိုတဲ့ စိတ်နဲ့ နေကြတာများပါတယ်,5
လောဘဇောကြီးသူက တစ်နာရီတာလောက် ပျော်ရွှင်မှုတောင် တည်မြဲခြင်းမရှိကြပါဘူး,4
ဝင်ပြိုင်ရဲတာနည်းတဲ့သတ္တိတော့မဟုတ်ဘူး,5
ဝန်ခံပါတယ် အထီးကျန်ရမှာကိုတော့ ကြောက်တယ်,4
ဝန်ထမ်းတွေစောက်သုံးမကျတာ,3
ဝမ်းသာစရာကောင်းပါတယ်အားလုံးအဆင်ပြေကြပါစေဗျာ,1
ဝမ်းသာပါတယ် ကံကောင်းချင်းတွေကူးစက်နိူင်ပါစေ,1
ဝမ်းသာပိတိဖြစ်ရပါတယ်ရှင့် ချမ်းသာသုခပြည့်ဝကြပါစေ,1
ဝမ်းသာလိုက်တာကလေးတွေအသံကြားရတော့,1
ဝမ်းသာလိုက်တာ ပျော်စရာကြီးခရီးထွက်ကြပါ,1
ဝမ်းသာလိုက်တာအ​မေရယ်,1
ဝယ်ပြီး အဆင်မပြေမှာ ကြောက်လို့ပါရှင့်,4
ဝိုး,5
ဝိုင်းဝန်းကုသိုလ်ပါရမီဆည်းပူးကြ​သော ကုသိုလ်ရှင်များ သက်ရှည်ကျန်းမာစိတ်ချမ်းသာကြပါ​စေ နှလုံးစိတ်ဝမ်း ​အေးချမ်းကြပါ​စေ ကောင်းကျိုးလိုရာပြည့်ဝကြပါ​စေ,1
ဝိုး ဒါက တကယ်ကို မယုံနိုင်စရာပဲ,5
ဝိုး မင်း ရုပ်ရည်က တော်တော်ပြောင်းသွားတာပဲ,5
ဝေးသွားရမှာ တွေးလိုက်ရင် ကြောက်တတ်လာတော့တာဘဲ တကယ်ကို မဝေးရဲဘူး,4
သချင်းစာသားတွေကလည်း တန်ဖိုးကြီး သရုပ်ဆောင်တွေလည်းအရမ်းကောင်းပါသည်,1
သင့်ကို အမြဲတမ်း စိတ်အေးချမ်းမှုပေးတဲ့ သူငယ်ချင်းတွေကို အမြဲသတိရလိုက်ပါ,1
သစ်ပင်လေးတွေ စိုက်ရတာ စိတ်ချမ်းသာတယ်,1
သတင်းကြားကြားချင်းမယုံနိုင်ဘူးဖြစ်သွားတာ,5
သတင်းတင်ဆက်သမားကကျက်သရေတုံးအခြောက်ကြီးကျနေတာဘဲ,3
သနားလိုက်တာရင်ထဲမကောင်းဘူးဘဝအဆက်ဆက်ဒီအဖြစ်ဆိုးနဲ့ဝေးကြပါစေ,0
သမိုင်းဝင်တဲ့ အခိုက်အတန့်တစ်ခုကို အဆုံးထိ ပြောခွင့်မပေးတာဟာ တကယ်ပဲ စိတ်ပျက်ဖို့ကောင်းပါတယ်,3
သမီးတောင် အတော်ကြီးပြီပဲ ချစ်စရာလေး,2
သမီး​လေးချစ်လိုက်တာ.အသံ​လေးက​အေး​အေးချိုချို​လေး,1
သံယောဇဉ်အကုန်ပြတ်ပါပြီ အကုန် တရုတ်သိမ်းသွားလည်း မတုန်လှူပ်တော့ပါဘူး အကုန် တရုတ်သိမ်းသွားလည်း မတုန်လှူပ်တော့ပါဘူး လက်ဝေခံ ဘဝနဲ့ နေကြပေါ့ကွာ,0
သရဲကားကြည့်ပြီး ညဘက် အိပ်မပျော်ဘူး,4
သရဲ​တွေကအများကြီး,4
သွားစားပြီးပြီ နာရီဝက်လောက်ထိုင်စောင့်လိုက်ရတယ် စားလို့လဲကောင်း,1
သွေးမတော်သားမဆက််ပင်မဲ့ကိိုယ့်တစ်မြို့ထဲသားခြင်းအတူတူဒီလိုသတင်းဆိုးကြားရပြန်တော့စိတ်မကောင်းဖြစ်,0
သံသယတွေနဲ့ကြည့်တတ်ခဲ့တယ်ဆိုတာ တချိန်က ရိုးသားခဲ့သမျှ အလိမ်ခံရလို့ပါ,4
သာဓု သာဓု သာဓု ပါ သားကြီးရေ,2
သားရည်ရွယ်ချက်တွေပြည့်ခဲ့ပြီ,2
သားရယ်ဟုတ်ကောဟုတ်ရဲ့လားဟယ် ရင်တွေတုန်လိုက်တာ,5
သားအမိနှစ်ယောက်လုံးချစ်တယ် ပွင့်ပွင့်လင်းလင်းရှိလို့,2
သိပ့်တော်တဲ့ဖေဖေ သမီးငယ် လေး ကျန်းမာအေးချမ်းပါစေနော်,2
သီချင်းထဲကလူသားလေးကို အပြင်မာပါ ပိုင်ဆိုင်ချင်မိ,2
သီချင်းနားထောင်ရင်း စိတ်လက်ပေါ့ပါးနေတယ်,1
သီချင်းရဲ့အရသာကိုက တစ်လုံးချင်းဆီမှာ အဓိပ္ပာယ်အပြည့်,2
သီချင်းလေးက နားထောင်ရတာ အရသာတစ်မျိုးရှိတယ် ဖန်တီးပေးတဲ့အတွက်ကျေးဇူးအထူးပါခင်ဗျ,2
သီချင်းလေးနဲ့ကာတွန်းလေးတွေက ချစ်စရာအလွန်ကောင်း,2
သီအိုရီအရ တွက်ချက်ထားတဲ့ အံ့သြစရာကောင်းတဲ့ အချက်တစ်ခုဖြစ်ပါတယ်,5
သူကဉာဏ်ရည်နိမ့်နေတာသူ့ကိုယ်သူမသိဘူး အားလာပေးသူကို စော်ကားတာ,3
သူကတကယ် မထင်ထားတာတွေလုပ်သွားတာဘဲ,5
သူ့ကို ကြည့်ရတာ တစ်ခုခု ခြိမ်းခြောက်နေသလိုပဲ,4
သူ့ကိုတွေ့ရင် ရင်တွေ တဒုန်းဒုန်း ခုန်နေတာ အခုထိပဲ,2
သူ့ကိုထားခဲ့တာ တော်တော်အံ့ဩတယ်,5
သူကို မြင်တဲနေ.ကတည်းက သဘောကျခဲ.တယ်,1
သူ့ကို အရမ်းချစ်လို့ရော ဘယ်အရာမဆို သူ့မျက််နှာလေးကိုပဲကြည့်ပြီး နေခဲ့တာပါ,2
သူ့ကိုအိမ်မှာအအေးဆုံးလို့ထင်ခဲ့တာလေ,5
သူငယ်ချင်းကိုစထားတာ ခုမှပြန်ကြည့်တာကြောက်စရာကြီး,4
သူငယ်ချင်းတွေနဲ့ ပြန်ဆုံရတာ တကယ် စိတ်ချမ်းသာဖို့ကောင်းတယ်,1
သူ ငါ့ကို အထင်လွဲသွားမှာကို အရမ်း စိုးထိတ်နေတယ်,4
သူငါ့အပေါ် အဲ့လိုလုပ်ရက်လိမ့်မယ်လို့ မထင်ထားခဲ့ဘူး,5
သူ့စောက်ချိုးကိုက အလိုလိုနေရင်း တိုက်ခိုက်ချင်စရာကောင်းနေတာ မနာလိုလို့တော့မဟုတ် စောက်ချိုးမပြေတာကို ကြည့်မရလို့ကိုဆဲတာ,3
သူ့ဆီက ဖုန်းလာလိမ့်မယ်လို့ လုံးဝ မထင်ထားဘူး,5
သူ တည် လဲ ကိုယ်ကတော့ ရီ နေဦးမှာပဲ,1
သူတို့တွေ ငါ့ကို ဝိုင်းပြီး ကဲ့ရဲ့ကြမှာကို စိုးရိမ်တယ်,4
သူတို့နှစ်ယောက်ပြန်အဆင်ပြေသွားတာမြင်ရတာဝမ်းသာလိုက်တာ,1
သူတောင်းစားများထမင်းဝလာတော့,3
သူ ထွက်သွားတာကို မယုံနိုင်သေးဘူး,0
သူ ထားသွားတုန်းက အချိန်တွေလိုပေါ့ဗျာ ရှေ့လဲ တိုးမရ ,နောက်လဲ မဆုတ်ချင်  အဲ့နေရာလေးမှာပဲ ရပ်နေရုံပဲ တတ်နိုင်ခဲ့တာ,0
သူ ပျော်နေတာကို မြင်ပြီး လင်မလိုချင်ဘူး ကလေး လိုချင်သွားပြီ,1
သူပြန်မလာတော့မှာကိုပိုကြောက်နေမိတယ်,4
သူဖြစ်နေလို့ချစ်တာမလို့ ဘာအကြာင်းပြချက်မှမရှိနိုင်တဲ့အထိ ချစ်တယ်,2
သူ့ဘက်ကကတိမပေးပါဘူး ကိုကညံ့ခဲ့တာ,0
သူများကြတော့လေမွေးနိူင်ကြတယ်ငါတို့ကျလေခလေး  ၁ယောက်မွေးရဖို့ကိုအိပ်ရခက်ခဲထိုင်ရထရခက်ခဲနဲ့  ခလေးမွေးနိူင်သူတွေ့ကိုလေးစားပါတယ်,5
သူများပြောတာကို ဘာလို့ လိုက်နှောင့်ယှက်နေတာလဲ,3
သူ မရောက်လာတော့တဲ့နောက် အားလုံးဟာ လစ်ဟာသွားတယ်,0
သူ့မှာပိုင်ရှင်ရှိပြီးသားကိုအနှောက်အယှက်မပေးတော့ပါဘူး,0
သူမိသားစုအတွက် ကယ်တင်လိုက်တာပါဘဲ,1
သူရှိနေတာ ကံကောင်းလိုက်တာလို့ ရေရွတ်ရတဲ့ အထိသူကအဲ့လိုနွေးထွေးကြည်လင်မှုကိုပေးတယ်,2
သူ့လက်ထဲမှာ ဓားပါလာတာ မြင်တော့ သွေးပျက်သွားတာပဲ,4
သူ့လက်​လေးပြန်မ​ဖြောင့်​တော့မှာကို သူ အရမ်း​ကြောက်​နေရှာတာ,4
သူ့လင်တောင်ကြည်ဖြူနေတာမင်းကဘာဖင်ယားနေတာလဲ,3
သူလေးက အကြည်ဓာတ်လေးချစ်ဖို့ကိုကောင်းတာ,2
သူလေးက အားလုံးတွက် အကြည်ဓာတ်လေးပါ,2
သူဟာ ကိုယ်ပိုင်ရသည်ဖြစ်စေ မပိုင်ရသည်ဖြစ်စေ ကိုယ်ဟာ အကောင်းဆုံး ချစ်ပေးလိုက်ဖို့ ဆန္ဒရှိတယ်,2
သူဟာ အဲ့ဒီသင်္ဘောပေါ်မှာ တစ်ဦးတည်းသော အသက်ရှင်ကျန်ရစ်သူ ဖြစ်လာခဲ့တယ်,5
သူ့အကျင့်က အမြဲတမ်း အဲဒီလိုပဲ စိတ်ကုန်လှပြီ,3
သူအကွက်ကို ကျော်ကြီးကမေ့နေ ဟိုကောင်ကအသုံးချသွားတယ်,5
သူ့အပြုံးလေး မြင်လိုက်ရရင် တစ်နေ့လုံး ပင်ပန်းတာတွေ ပျောက်သွားရော,2
သေးကထွက်တော့မယ် အိမ်သာကိုတယောက်ထဲမသွားရဲလို့,4
သေခါနီးမှာသေတွင်းမရှာတရာမရှိအကုသိုလ်ကောင်တွေ,3
သေမှာကို ကြောက်တာက သဘာဝပဲ,4
သေးသေးလေးတွေကပဲ စိတ်ထားနိုင်ရက် တန်ဖိုးကြီးပါတယ်,2
သောက်ရေးမပါတာတွေ,3
သဲသဲဆုတောင်းလေးနဲ့ပြည့်ပါစေ,1
ဟက်ပီးမွေးနေ့ပါ မကြီးရေ,1
ဟယ် ကမ္ဘာကြီးက ဘာတွေဖြစ်နေကြပြီလဲ,5
ဟယ် ချက်ချင်းကြီးနော်,5
ဟယ် ချစ်စရာလေးးတွေ ပျော်နေကြတာ,2
ဟယ် ဆရာမတဲ့လား အံ့သြလိုက်တာ,5
ဟယ် ဆရာဝန်တဲ့ ငယ်ငယ်လေးနဲ့ဆုံးသွားတာ နှမြောလိုက်တာ,0
ဟယ်! ဒါက ငါ့အတွက် လက်ဆောင်လား မယုံနိုင်စရာပဲ,5
ဟယ်! ဒါက တကယ်ကြီးလား မယုံနိုင်စရာပဲ,5
ဟယ် ဒီပန်းလေးက သိပ်လှတာပဲ,5
ဟယ် ပြောရဲဆိုရဲလေးတော့်,5
ဟယ် ဘယ်လိုကြီးလဲ အသစ်ပြောင်းလာတာဆိုပြီး ဒီတိုင်းထားလိုက်မယ်ထင်နေတာလား ရမလားလို့ တမင်လုပ်တာကြီးလား စိတ်ပျက်စရာကြီး မရှက်ဖူးလား မသိ,3
ဟယ် ဘယ်လိုလုပ်ကြမလဲ,5
ဟယ် မင်းက ဘယ်တုန်းက ရန်ကုန် ပြန်ရောက်နေတာလဲ,5
ဟယ် ယုံတောင်မယုံနိုင်ဘူးဆရာရယ်,5
ဟယ် သက်သက်ကြီးနော် ဟိုကသူ့ကိုပဲမေးတာကို သူကကျွန်တော်တို့ဆိုပြီးဖြေချတာနော်,5
ဟယ် သားက ဝ လိုက်တာ​နော်,5
ဟယ် သူကဒီလိုကြီးလားဆိုပြီး အံ့ဩလိုက်ရ,5
ဟယ်သူကအဲ့တာကြီးလား,5
ဟယ် ဟုတ်လား အမလည်း ကျောင်းပေါင်းစုံက ထောက်ခံစာမျိုးစုံနဲ့ အဲဒါတွေမရတော့ဘူးပေါ့,5
ဟယ် အဲ့တာက တကယ်ကြီးလား ဘယ်လိုမှ မမျှော်လင့်ထားတဲ့ သတင်းပါလား,5
ဟယ် အဲ့လောက်မြန်ရသလားပေါ့,5
ဟာ,5
ဟာ ဆရာဘယ်လိုဖြစ်တာလဲ,5
ဟာ ဒါကြီးက တကယ်ပဲလား အံ့သြလွန်းလို့ ပါးစပ်တောင် မစေ့နိုင်ဘူး,5
ဟာ ပြောစရာစကားမရှိသလောက်ပဲ ရက်စက်လှချည်လား,5
ဟာ မင်းက တကယ်ကြီး လာတာလား,5
ဟာ မင်းက ဒီလိုမျိုး လုပ်နိုင်တာလား ဘာလို့ အရင်က မပြောတာလဲ,5
ဟာ မင်းက ဘယ်လိုလုပ်ပြီး သိနေတာလဲ,5
ဟာ! အားလုံးက ငါ့ကို အံ့သြအောင် လုပ်ကြတာပဲ,5
ဟုတ်တယ် လင်တရူးနေတုန်းမို့ ညီမလဲအခုအဲ့လိုဘဲ ညတိုင်းငိုနေတာ,0
ဟုတ်တယ် အဲ့လိုဖြစ်နေတာ ဝမ်းနည်းစရာတွေမလာတော့ပါနဲ့ တောင်းပန်ပါတယ်,0
ဟူး အသက်တွေ စျေးပေါ နေလိုက်တာ တိူ့မြန်မာပြည်မှာ,0
ဟေး ငါတို့နိုင်ပြီ အရမ်းတက်ကြွနေတာပဲ,1
ဟေး! ငါတို့အားလုံး မျှော်လင့်နေတဲ့ သတင်းကောင်းကြီး ရောက်လာပြီ,1
ဟော ဒါက ဘယ်ကနေ ရောက်လာတာလဲ,5
ဟော ဒါက ဘယ်လိုဖြစ်တာလဲ,5
ဟောဒီကမ္ဘာလောကတစ်ခုလုံးမှာ ကိုယ်ငြိတွယ်နေချင်တဲ့ တစ်ခုတည်းသောအရာက မင်းပဲဖြစ်တယ်,2
ဟော မင်းက ဘယ်လိုလုပ် ဒီကို ရောက်နေတာလဲ,5
အကြမ်းဖက်စစ်ရာဇဝတ်ကောင် မင်းအောင်လှိုင်နဲ့ ကားနံပါတ်တွေခွဲ စုံရက် မရက် လမ်းထွက်ခိုင်းတဲ့ ရွှေဉာဏ်တော်စူးရောက် လူ့အန္ဓတွေ လာကြည့်ကြစမ်း,3
အကုန် ချစ်မွေးလေးအပြည့်နဲ့,2
အကုသိုလ် မအလ,3
အက်လောက်ကြီးကျ,5
အခက်အခဲတွေကြားကနေ အောင်မြင်သွားတာမို့ ပိုပြီးတော့ ပီတိဖြစ်ရတယ်,1
အချစ်ကဘာလဲဆိုရင် ကိုကိုလို့ဘဲဖြေမိမှာ,2
အချစ်ကြောင့် အရာရာဟာ လှပပါတယ်,2
အချစ်တွေထပ်တူကျတော့ အပြုံးတွေက အသက်ဝင်လိုက်တာ,1
အချစ်တွေ ထပ်တူကျတဲ့အခါ အရာရာတိုင်းက ပျော်စရာကောင်းနေတော့တာပဲနော်,1
အချိန်တွေ နောက်ပြန်လှည့်လို့ရရင် ကောင်းမှာပဲ,0
အချိန်မဆွဲနဲ့ ငါ့စိတ်ရှည်မှုကို လာမစမ်းနဲ့နော် လုပ်လိုက်မယ်,3
အချိန်မီတားဆီးနိူင်ခဲ့လို့တော်ပါသေးရဲ့,1
အခြေခံလူတန်းစားတွေဟာ သူတို့ရဲ့ ကျန်းမာရေးကို စတေးပြီး မိသားစု ဝမ်းရေးကို ဦးစားပေးနေကြရပါတယ်,0
အခြေအနေက တကယ်ကို စိတ်မချရတော့ဘူး ကြောက်စရာကြီး,4
အခွင့်အရေးများ ဆုံးရှုံးရတော့မည် ဖြစ်၍ ဝမ်းသာခြင်းမရှိတော့ပါ ,0
အခွင့်အလမ်းသစ်များ ရလာမယ်: စိတ်ကြည်လင်တဲ့အတွက် ကံကောင်းခြင်းတွေ ဝင်လာဖို့ လမ်းပွင့်သွားပါတယ်,1
အခွန်ဥပဒေသစ်ကြောင့် ကုန်ဈေးနှုန်းတွေ မြင့်တက်လာမှာကို ပြည်သူတွေ စိုးရိမ်,4
အခုချက်ချင်း ပြေးမှဖြစ်တော့မယ် အခြေအနေက မကောင်းဘူး,4
အခုထိ သူ့စိတ်နဲ့ တစ်လလောက်ရှိပါပြီ   အိပ်ရာပေါ်လှဲလိုက် ဆေးခန်းပြလိုက် မစားနိုင်မသောက်နိုင်ပါဘဲ,0
အခုနှစ်ပိုင်းမှရောက်လာကြတဲ့ မြန်မာလုပ်သားတွေအတွက် စဥ်းစားမိတိုင်းရင်မောရတယ်အစ်မရေ,0
အခုမှ ဇွတ်တွေ ဘုရားတရား လုပ်ပြနေတာ အံ့သြ ပါ့,5
အခုလည်း သူအမှားကတစ်စက်မှရှိမနေတာနော် အဲ့ဟာလေးကသူအမြဲ မှန်  တကယ်စိတ်ဓါတ်မကောင်းတဲ့ဟာ,3
အခုလိုကြားရတာ စိတ်မကောင်းဘူး,0
အခုလိုတွေမြင်ရတော့သမီးလေးအရွယ်မရောက်ခင်ကျွန်မသေမှာအရမ်းကြောက်တယ်,4
အငြိုးတွေ အာဃာတတွေကို ထမ်းပြီး သွားနေရင် ဘဝရဲ့ အလှတရားကို ကိုယ်တိုင်ပဲ ဆုံးရှုံးနေတဲ့အရာ ဖြစ်လာပါတယ်,3
အစစအရာနားလည်ပေးကူညီပေးနိူင်တဲ့အိမ်ထောင်ဖက်လေးရတာကံကောင်းလိုက်တာ,2
အစ်မက ထိုင်းမှာ ငလျင်ကြုံပြီးထဲက နည်းနည်းလှုပ်ရင်ကို ရင်တုန် အသက်ရှုကျပ်လာတာ အဲ့တုန်းကအချိန်ကြီး ပြန်ရောက်သွားသလိုကြီး,4
အဆင် ပြေ ကြပါစေ,2
အဆင်ပြေ အသိတွေကိုလည်းပြောပြပေးပါတယ်,1
အဆင်ပြေ အေးချမ်းတဲ့ဘဝကို ရစေချင်ခဲ့တာပါ,0
အတွေ့အကြုံတွေ ပြည့်လာပြီး ဘဝကို ပြန်စတင်လို့အကောင်းဆုံးအချိန် ဆိုရင် ပိုမှန်မယ်ထင်ပါတယ်,1
အတိတ်က နောင်တတွေနဲ့ အနာဂတ်အတွက် ပူပန်မှုတွေက ကိုယ့်ကို အမှောင်ချထားသလို ခံစားရတဲ့ နေ့တွေ ရှိကြမှာပါ,4
အတိတ်က အမှတ်တရတွေကနှိပ်စက်နေတယ်,0
အထီးကျန်ခြင်းက ငါ့ကို ဝါးမြိုနေသလိုပဲ,0
အထီးကျန်ရမှာကိုတော့ ကြောက်တယ်,4
အထူး စိုးရိမ်ကြောင့်ကြဖြစ်ရကြောင်း ပြည်သူတွေက ထုတ်ပြန်,4
အဓိကက အားကျူး စိတ်ချမ်းသာဖို့ပဲ မြင်ရတာ ပျော်တယ်,2
အနာဂတ်ကိုကြောက်တဲ့စိတ်နဲ့ တစ်ယောက်ထဲ ရင်မဆိုင်ရဲတဲ့ စိတ်နဲ့ အိမ်ထောင်မပြုနဲ့,4
အနာဂတ်အတွက် ကြိုတင်ပူပန်နေမိတယ်,4
အနာဂတ်အတွက် ရင်လေးနေမိပေမယ့်လည်း ဘာမှ မလုပ်ဖြစ်သေးဘူး,4
အနိုင်ကျင့်တဲ့ခေတ်ခုထိပေါ့ တနေ့တော့အားလုံးပြီးဆုံးမှာ,0
အနေဝေးနေလို့ အနားမှာဂရုစိုက်မှုမပေးနိုင်တဲ့အတွက် ပိုချစ်တယ်ခလေး,2
အနေဝေးဘယ်မဲ့လုံးသားချင်းတော့မဝေးဘူး,2
အပူဖုတွေထွက်နေတာလားကလေးလေး,4
အပူအပင်ကင်းတဲ့ ကလေးလေးတွေကို ကြည့်ပြီး ပျော်နေမိတယ်,1
အပေါ်ရောက်နေတဲ့သူက အောက်ကလူ နဲ့ ငုံ့ပြီး အငြင်းမပွားဘူး လူကသာအပေါ်ရောက်သာ စိတ်ဓါတ်ကအောက်မှာကျန်ခဲ့ပုံဘဲ,3
အဖွဲ့အစည်းရဲ့ အကျိုးကို ကြည့်တတ်တဲ့ စိတ်ဓါတ်ရှိမှသာ ရေရှည်မှာ အောင်မြင်မယ့်ဆုံးဖြတ်ချက်မျိုး ချနိုင်မှာပါ,1
အဖိုးတန်လိုက်တာနော် တစ်နေ့ထက်တစ်နေ့တောင်ပိုပိုပြီးချစ်လာတယ်,2
အံ့မခန်းလောက်အောင် တော်လွန်းလို့ ငေးကြည့်နေမိတယ်,5
အများကြီးမဟုတ်တောင်သူ့က်ိုလမ်းပြပေးချင်တယ် အမြင့်ကိုပဲဆွဲတင်ပေးချင်တယ် ဒါကကိုယ့်အချစ်နဲ့မေတ္တာပါ,2
အမရယ်အောင်သွားတာပျော်လိုက်တာ,1
အမြင့်ကနေ ကြည့်ရင် ခေါင်းမူးပြီး ကြောက်တယ်,4
အမြင့်ရောက်ရင် ခေါင်းတွေ မူးပြီး ကြောက်လာတယ်,4
အမြဲ ကြည့်လိုက်ရင် တစ်ယောက်တည်းပဲ မပျင်းဘူးလား တဲ့,0
အမြဲကိုယ်က အသုံးမကျ မဖြစ်ထွန်းဘူးဆိုပြီး အပြစ်တင်နေမိလို့ပါ,0
အမြဲစိတ်ခွန်အားဖြစ်ရပါတယ်ဆရာဒီကာလကစိတ်ပင်ပန်းရပါတယ်,1
အမြဲတမ်း နားလည်ပေးပြီး ဘေးမှာ ရှိပေးလို့ ကျေးဇူးအများကြီးတင်တယ်,2
အမြဲအတွေးလွန်ပြီး တစ်ခုခုကို စိုးရိမ်စိတ်နဲ့ ညဘက်ဆို အိပ်မပျော်ဘူး,4
အမလေး,5
အမလေးဟဲ့ စိတ်ပျက်စရာ,5
အမလေး အမလေးးကုန်ပါပြီဟယ်,5
အမလေး အမလေး ဘေးကနေ ကြောက်လိုက်ရတာ,4
အမှန်ဘဲဗျာစိတ်တွေလည်းညစ်နေပါပြီ,0
အမှားတွေအတွက် နောင်တရနေမိတယ်,0
အမှောင်ထဲမှာ တစ်ခုခု လှုပ်ရှားနေသလိုပဲ,4
အမှောင်ထဲမှာ တစ်ယောက်တည်းဆို ရင်ခုန်သံတွေ မြန်လာတယ်,4
အမေရိကန်နဲ့ အစ္စရေးတို့ရဲ့ စစ်ဆင် တိုက်ခိုက်မှုကို ခံနေရတဲ့ အီရန်က အရှေ့အလယ်ပိုင်းနဲ့ ပင်လယ်ကွေ့ ဒေသတွင်းက နိင်ငံတွေကို လက်တုံ့ပြန် တိုက်ခိုက်မှုတွေ တိုးမြှင့်လုပ်ဆောင်နေပါတယ် အဲဒီလို တိုက်ခိုက်မှုတွေကြောင့် အဲဒီ နိုင်ငံတွေမှာ ရောက်ရှိနေတဲ့ နိုင်ငံခြားသားတွေကို သက်ဆိုင်ရာနိုင်ငံတွေက ပြန်လည် ကယ်ထုတ်ပြီး မူရင်းနေရပ် ပို့ဆောင်ပေးတာတွေရှိနေပါတယ် အရှေ့အလယ်ပိုင်းနဲ့ ပင်လယ်ကွေ့ ဒေသအတွင်း ရောက်ရှိနေကြတဲ့ မြန်မာနိုင်ငံသားတွေ နေရပ်ပြန်ဖို့ ရော အစီအစဉ်တွေ ရှိနေပါသလား အဲဒီက သက်ဆိုင်ရာ မြန်မာသံရုံးတွေကရော ကူညီ ကယ်ထုတ်ပေးတာ မျိုးတွေရှိနေပါသလား အပြည့်အစုံကို မတာရာက ပြောပြပေးပါမယ်,3
အမေရိကမှာ အာရှသားတွေဆီမှာ အလုပ်မလုပ်ကြပါနဲ့ အာရှသားတွေက သိတယ်မလား များများခိုင်းပြီး နည်းနည်းပေး စကားပြောလည်နှိမ်ပြီးဆက်ဆံ,3
အယ် ဒါက ငါသိတဲ့သူ မဟုတ်ဘူးနော် နင်လူမှားနေတာ,5
အယ် ဒီလောက်မြန်မြန် ပြီးသွားလိမ့်မယ်လို့ မထင်ဘူး,5
အယ် မင်းက ဘယ်လိုလုပ်ပြီး ဒါကို ရတာလဲ,5
အယ် မင်းက ဘယ်လိုလုပ် ရောက်လာတာလဲ,5
အယ် သူက အဲ့လို လူစားမျိုးလား,5
အရင်ကအခြေနေဆို သိပ်မျှော်လင့်လို့မရပေမယ့် ခုကာလရဲ့အခြေနေတွေကြောင့် မျှော်လင့်လို့တော့ရမယ်ထင်မိ,1
အရင်လို ပြန်မဖြစ်နိုင်တော့တာကို တွေးပြီး နှမြောမိတယ်,0
အရမ်းကြိုက်,2
အရမ်းကြိုက်ခဲ့ရတဲ့မင်းသားအတွက်ဝမ်းသာပါတယ်,1
အရမ်ကိုမြင့်မြတ်တဲ့စိတ်ထားလေးပါ,2
အရမ်းကိုလိမ်မာတဲ့သမီးလေးပါ,2
အရမ်းခင်ရတဲ့ သူငယ်ချင်းတွေနဲ့ ဆုံရတာ တကယ်ပျော်တယ်,1
အရမ်းချစ်ဖို့ကောင်းပြီး ပြီးပြည့်စုံလွန်းတယ်,2
အရမ်းတော်တာပဲ အမေကိုစိတ်ချမ်းသာအောင်ထားနိုင်တယ်,2
အရမ်းလှတာပဲ,5
အရမ်းလှလာတယ် အသားလေးကိုကြည်တောက်နေတာပဲ,2
အရမ်းဝမ်းနည်းတယ် ဆရာနဲ့သင်ခဲ့တဲ့အချိန်တွေကိုလွမ်းနေတော့မှာ,0
အရမ်းအံ့သြသွားတယ်,5
အရာအားလုံးက ငါ့ကို ထားခဲ့ကြသလိုပဲ,0
အရာအားလုံးက ငါ့ကို ဝမ်းနည်းအောင် လုပ်နေတယ်,0
အရာအားလုံးက ငါ့အတွက် ခက်ခဲလွန်းပြီး ဝမ်းနည်းလွန်းလို့ ဘာမှ မပြောချင်တော့ဘူး,0
အရာအားလုံးက အဓိပ္ပာယ်မရှိတော့သလိုပဲ,0
အရာအားလုံးထက်ကိုလူတွေကပိုကြောက်ဖို့ကောင်းတာပါ,4
အရူးကတမျိုး,3
အလကားသင်ပေးနေတာ ဘာမှလည်းမဟုတ်ပါဘူး ထင်ရင် လာမပတ်သက်ပါနဲ့,3
အလကား အမြဲတမ်းအာနေတာ ဘာမှဟုတ်တိပတ်တိမရှိဘူး,3
အလွမ်းတွေနဲ့ပြည့်နှက်နေတဲ့ နွေဦးကာလလေးကို ရောက်ပြီ,0
အလိမ်ပါ မြင်နေရလို့ သိနေပြီ အဲ့တာက်ို ခုထိဝယ်ကြတုန်း အံ့ဩလို့ မဆုံးဘူး,5
အလိုလိုနေရင်း ဝမ်းနည်းနေတယ် ,0
အလုပ်ကလူကြီးတွေနဲ့စကားပြောရင် ကြောက်ပြီးမျက်ရည်ကျတာ ဘယ်လိုလုပ်ရမလဲ,4
အလုပ်တွေကလည်း များလိုက်တာ စိတ်တိုမိတယ်,3
အလုပ်တွေ အားလုံး အချိန်မီ ပြီးသွားလို့ တကယ်ကို ဝမ်းသာတယ်,1
အလုပ်ပဲလာပြီး အလုပ်မှမလုပ်တာ အိပ်ရေးမဝလည်းလုပ်နိုင်တာပေါ့ ယောင်ခြောက်ဆယ်အလုပ်နိုင်ဆုံးတွေ,3
အလုပ်ရသွားပြီဆိုတော့ အရမ်းစိတ်ချမ်းသာသွားတာပဲ,1
အလုပ်သမားတွေအလုပ်လက်မဲ့ဖြစ်ကုန်ကြတော့မယ်,0
အလုပ်အကြွေးတွေပိ ဒီပုံစံတိုင်းဆို ဒီအလုပ်အကြွေးတွေက ဒီလိုပဲသံသရာလည်ပီးဆပ်လို့ကုန်မှာမဟုတ်ဘူး မရေ,4
အဝေးကနေ ဘာမှလုပ်မပေးနိုင်တဲ့ ခံစားချက်က ရူးချင်စရာဘဲ,0
အဝေးမှာ ရှိနေပေမဲ့ စိတ်ချင်းကတော့ အမြဲတမ်း နီးကပ်နေမှာပါ,2
အသံကြားလိုက်ရတာနဲ့တင် ခြေဖျားလက်ဖျားတွေ အေးကုန်ပြီ,4
အသံကလဲ သူများသီချင်းတွေလိုက်ဖျက်ဆီးနေတာ,3
အသံကိုကကျက်သရေမရှိဘူး လျှာတော်တော်ရှည်,3
အသက်တွေကဈေးပေါ်နေလိုက်တာ,0
အသက်အန္တရာယ် ရှိလာနိုင်လို့ ဘယ်မှ မသွားရဲတော့ဘူး,4
အသည်းလေး ဒီည စားပြီးပြီလား? စိတ်ပူလို့ မေးတာပါ,2
အံ့သြစရာကောင်းလောက်အောင် ပြောင်းလဲသွားတာပဲ,5
အံ့သြပါ့,5
အံ့သြဖွယ်ကောင်းတဲ့ ကမ္ဘာကြီးပါလား,5
အံသြဖို့ ကောင်းလိုက်တာ,5
အံ့သြလွန်းလို့ ဘာပြောရမှန်းတောင် မသိတော့ဘူး,5
အံ့သြလွန်းလို့ ဘာပြောရမှန်းတောင် မသိဘူး,5
အသံလေးကနားဝင်ချိုနေတာပဲ,1
အံ့ဩပ သူ့ပါးစပ်ကဒီစကားထွက်ရက်တယ်,5
အံ့ဩလွန်းလိုမရယ်နိုင်တော့ဘူးအဲ့လို ကောင်မတွေ,5
အံဩလို့မဆုံးဘူး,5
အံ့ဩလို့မဆုံးဘူး,5
အားကစားလုပ်တာ စိတ်ရောကိုယ်ပါ ကျန်းမာစေတယ်,1
အားကိုးရာမဲ့နေတဲ့ ခံစားချက်ကြီးက ခက်ခဲလွန်းတယ်,0
အားငယ်နေတဲ့အချိန် ဆွဲမိတဲ့ လက်တစ်စုံက မကောင်းတဲ့ လူတစ်ယောက်ရဲ့ လက်ဖြစ်နေမှန်း တဖြေးဖြေး ပိုသိလာခဲ့ရတယ်,0
အာဘွား ခလေးလေးရေ,2
အားရတယ် ကျေနပ်တယ် ပီတိဖြစ်တယ်,1
အာရပ်တွေကတော့ ငြိမ်နေမယ် မထင်ဘူး,5
အားလပ်ရက်မှာ မိသားစုနဲ့အတူ ခရီးထွက်ရလို့ ပျော်တယ်,1
အားလုံးက ငါ့ကို အထီးကျန်အောင် ထားခဲ့ကြတာပဲ,0
အားလုံးက ဝိုင်းပြီး ဂုဏ်ပြုပေးကြတာ မြင်ရတာ တကယ်ပဲ အားရှိပါတယ်,1
အားလုံးတွေအတွက် ကျေးဇူးပါ,2
အိပ်မက်ဆိုးတစ်ခုထဲမှာ ပိတ်မိနေသလို ခံစားနေရတယ်,0
အိပ်မက်တွေ တကယ်ဖြစ်လာပြီ,1
အိမ်ကို အရမ်းလွမ်းနေပြီ အိမ်ပြန်ချင်တယ် အရမ်းပဲ,0
အိမ်ထောင် ပြုရမှာ ကြောက်လာပြီ,4
အိမ်မက်ဆိုးတွေ ခဏခဏ မက်နေတယ်,4
အိမ်မက်တွေ ပျက်စီးသွားသလို ခံစားရတယ်,0
အိမ်မက်တောင်မက်တယ်သူတို့လေးတွေကို,2
အိမ်ရှင်က အခန်းပျက်စီးမှာ ကြောက်နေတာ,4
အိမ်အကူနဲ့တစ်မိသားစုလုံးအသတ်ခံလိုက်ရတဲ့ဟာထင်တယ် ရက်စက်လိုက်ကြတာ,0
အိုးခိုင်မော့ စိနတို့ အိပ်ပျော်ပါ့မလား,5
အိုး ဒါက ငါ့အတွက် လက်ဆောင်လား,5
အိုး ဒါက တကယ်ကို မထင်မှတ်ထားတဲ့ ရလဒ်ပဲ,5
အိုး ဒါက တကယ့်ကို အံ့သြစရာပါပဲ,5
အို! ဒီလောက် လှလိမ့်မယ်လို့ မမှန်းထားဘူး,5
အီးပေ ရုပ်ကလေးက နမ်းချင်စရာ,2
အီရန်တော့ အကုန်ပတ်ရမ်းနေပြီ,5
အီရန်အင်အားကို ထရန့် အံ့သြ,5
အေးချမ်းပြီး ကိုယ့်ကို နားလည်ပေးနိုင်တဲ့ သူတွေနားမှာ နေတဲ့အခါ ခန္ဓာကိုယ်ထဲက စိတ်ဖိစီးမှုဟော်မုန်းတွေ ကျဆင်းသွားပါတယ်,1
အေးပါ ငါတို့က ထါးခဲ့ချင်လို့မှ မဟုတ်တာ သူတို့ ပညာရေး စားဝတ်နေရေး အတွက်မလါချင်ပဲ လါရတာပါ,0
အေးပါဟ ငါအားကျရပါတယ်ဟယ်,1
အောက်ကပုံမှာတော့ ပုံမှန်မဟုတ်တဲ့ အရာတခု ဓာတ်ပုံထဲမှာ ပါနေပါတယ်,4
အောက်ဆုံးကစာသားလေးဖတ်ပီးရင်ထဲတောင်နင့်သွားတယ်ကွယ်,0
အောက်တန်းစား အကောင်,3
အောင်မြင်ခဲ့တယ်,1
အောင်မြင်ပါစေ လိုရာပန်းတိုင်အရောက်လှမ်းနိူင်ပါစေ,2
အောင်မြင်မှုက လက်တကမ်းတင် ကျန်တော့တာ အားမလျော့နဲ့ ကြိုးစားထား,1
အောင်မြင်မှုအတွက် ဂုဏ်ယူမဆုံးဖြစ်ရတယ်,1
အောင်မြင်သွားပြီဆိုတော့ စိတ်ထဲမှာ ကြည်နူးနေတယ်,1
အောင်မလေး လန့်လိုက်တာဟယ်,5
အော်ဘဝတွေရယ်ဆိုးလိုက်တာနော်,0
အော်ဟစ်သံတွေ ကြားရရင် ရင်တုန်တယ်,4
အဲ့ကောင်ကြီး ကြည့်ပြီး ကြောက်လာတာ,4
အဲ့ကောင်မလေးပေါ့ရုတ်တရက်ကြီးရောက်ချလာတာ,5
အဲ့ချိန်ထိ အသက်ရှင်ပါ့ မလား,4
အဲ့ဆိုင်ကတကယ်ကောင်း,1
အဲ့တာ လိပ်ခေါင်းဖြစ်နေတာလားလို့ပါ ကြောက်လည်း ကြောက် ရှက်လည်း ရှက်လို့ပါ,4
အဲ့တော့ဘာလုပ်ရမှာလည်းစောက်ကျက်သရေတုံးတယ်,3
အဲဒါကြီးကို မကြည့်ရဲဘူး,4
အဲ့ဒီတွင်းထဲကို ခုန်ချလိုက်တဲ့အခါ ဘာတွေဖြစ်လာမလဲဆိုတာက တကယ့်ကိုရင်ခုန်စရာပါ,5
အဲဒီနေရာမှာ တစ်ခုခု ရှိနေသလိုပဲ,4
အဲ့ဒီလိုဖြစ်မယ်လို့ မထင်ခဲ့ဘူး,5
အဲ့ရင်ခုန်ရတဲ့အချိန်လေးကို ပြန်တွေးရင် ကျွန်မတကယ် ဘယ်တော့မှ မေ့နိုင်မှာ မဟုတ်ပါဘူး,1
အဲလိုပြောတဲ့သူတေတကယ်ပါးချချင်တာ,3
အဲလိုလေးကြားရတာဝမ်းသာရပါတယ် ကောင်းသွားမှာပါရှင့်,1
အဲ့လိုလေး မြင်ချင်ခဲ့တာ ကြာပါပြီ ငယ်ငယ်ထဲက အားပေးခဲ့ရတာ ခုတော့ ဝမ်းသာလိုက်တာ မပြောနဲ့တော့,1
အဲ့လိုသတင်းမျိုးကြားမိရင် အလိုလိုဝမ်းသာမိတယ်,1
အဲ့လိုအချိန်တွေမှာဆို သိမ်ငယ်သလို ဝမ်းနည်းရပါတယ်အိပ်တောင် မပျော်ပါဘူး,0
အဲလိုအဖွဲ့ကြီးနဲ့ဖမ်းရအောင် နိုင်ငံရေးလုပ်နေတာကျနေတာဘဲ အဲကြောင့်လူထုကစိတ်နာတာလည်းမပြောနဲ့ အရေးမပါတာတွေဘဲလုပ်နေတာ,3
အဲ့လူမရှိတော့တဲ့အခါ ဘဝကို ဘယ်လိုရှေ့ဆက်ရတော့မှန်းမသိလောက်တဲ့ထိ အဆင်မပြေဖြစ်ရနိုင်တယ်,4
အဲ့လောက်ကြီးကြဟယ်,5
အဲ့လောက်လဲမဆိုးပါဘူး အဲ့လိုတွေပြောနေကြတာမယုံနိုင်ဘူး,5
ါပေမယ့် အမြဲတမ်း ဒေါသထွက်နေတဲ့သူ အပြစ်တင် ဝေဖန်တတ်တဲ့သူတွေနဲ့ အမြဲတမ်း အတူနေရရင်တော့ ကိုယ့်ရဲ့ ဦးနှောက်က အန္တရာယ်ရှိတယ်လို့ မှတ်ယူပြီး အမြဲတမ်း သတိကြီးကြီးထား နေရပါတယ်,4
